eid,pid,n_trials,n_units,n_conditions,u_sig,stim_pc1_var,stim_pc2_var,stim_pc3_var,stim_pc123_var,sig_overlap_stim_pc1,sig_overlap_stim_pc2,sig_overlap_stim_pc3,noise_mean_condition_similarity,noise_min_condition_similarity,noise_top1_variance,effective_units,max_loading_sq,noise_pc12_ratio,pc12_null_pval,eigenspectrum,a_similarity,null_a_p_val,prestim_a_cosine_similarity,random_noise_similarity_mean,random_noise_similarity_p95
b9c205c3-feac-485b-a89d-afc96d9cb280,ea931b15-6214-4b80-8d88-7acbbe071bc0,653,13,9,"[ 0.32342396 -0.00913488  0.25651717  0.2688616  -0.0150602  -0.05900636
  0.00740666  0.41625404  0.27898403  0.10937161  0.69968207  0.02221997
  0.01876353]",0.5894951709300331,0.2393164783506177,0.0835688421286876,0.9123804914093384,0.8567956564335082,0.8707973615167172,0.8711161930883069,0.6854514692200065,0.45733097451267674,[0.45076833],2.873212903213187,0.5541245861752899,3.257475356181707,0.001996007984031936,"[797.85011991 244.92898109 214.38538342 121.84832718  98.89554581
  77.6199347   63.55997175  56.97299032  43.17664275  17.00764233
  12.31896704  10.7528224   10.66088054]",0.9146793894408076,0.000999000999000999,0.8962096205653991,0.701890888072918,0.7208214524558405
e1931de1-cf7b-49af-af33-2ade15e8abe7,9150758e-1390-41d1-b426-96675e60dbea,688,57,9,"[ 3.17178972e-01  4.50728013e-02  1.66936301e-02  2.65603550e-14
 -5.00808903e-03  1.16855411e-01  1.43565219e-01  6.67745204e-01
  3.67259862e-02  1.80291205e-01  1.23532863e-01  0.00000000e+00
 -3.00485342e-02  9.34843286e-02  8.84762396e-02  2.00323561e-02
  1.58589486e-01  1.65266938e-01  2.83791712e-02 -2.17017191e-02
  2.67098082e-02  3.33872602e-02  1.10177959e-01 -5.00808903e-03
  9.01456026e-02  5.00808903e-03  1.13516685e-01  6.34357944e-02
 -4.00647123e-02 -2.00323561e-02  3.33872602e-02 -4.67421643e-02
  1.35218404e-01  1.48573308e-01 -2.50404452e-02  4.17340753e-02
  2.33710821e-02  1.11847322e-01  1.66936301e-02  2.55412541e-01
  3.33872602e-03 -1.34225160e-14  4.84115273e-02  1.15186048e-01
  4.17340753e-02  9.68230546e-02  1.58589486e-01  2.33710821e-02
 -1.83629931e-02 -3.33872602e-03  3.83953492e-02  3.33872602e-03
 -1.66936301e-02  2.75444897e-01 -3.97124279e-15  1.00161781e-02
  3.33872602e-03]",0.56539716129347,0.20578407909516802,0.06677116172453615,0.8379524021131741,0.7268590717309155,0.9897665022926274,0.9900385206113821,0.6740733970518935,0.5302858511056353,[0.29156028],13.088141113519022,0.16446855880571298,2.809923030523009,0.001996007984031936,"[2604.3412813   926.83723113  562.71001182  430.9700766   339.02901469
  264.88920682  220.90734447  217.17140052  209.21867542  192.27293527
  171.20159687  169.07914429  158.14016384  150.73839564  144.07592419
  135.11152251  130.84817671  129.58579813  118.52291649  111.78517916
  105.47183663   99.40600996   97.33101628   90.57704871   81.67056428
   78.43404058   74.47407038   69.80054589   61.56015041   58.96034267
   55.44246026   53.70864273   50.59996728   47.03029022   43.42038001
   38.5708133    36.89478164   33.77244072   30.75371301   29.15705539
   27.50152697   24.56596873   24.15923205   22.5205727    20.38120908
   20.24758004   19.41152358   19.2237374    17.22993633   16.52010743
   15.47817452   15.02752226   14.18907061   13.72779454   13.24743081
   12.35667981   12.16815215]",0.940168553470378,0.000999000999000999,0.6932548594627286,0.7148217978923991,0.7274565625932252
07dc4b76-5b93-4a03-82a0-b3d9cc73f412,97207d87-3fcd-4ebb-b0c7-087bdbf8a95c,692,146,9,"[ 1.54297731e-01  6.73747779e-02  1.97379631e-02  3.85080069e-01
  1.30384429e-01  5.57977034e-02 -3.77678332e-02  4.27023240e-02
 -5.04836364e-02  5.69364320e-04  1.17668626e-02  1.12354559e-01
 -1.35318920e-01 -2.78988517e-02  1.76502939e-02  5.08632126e-02
  3.12581012e-01 -1.53728366e-02  2.08766917e-03  1.89788107e-02
 -8.44557075e-02  3.64393165e-02  4.78266029e-02 -2.67601231e-02
  3.83371976e-02 -1.51830485e-03  1.70999084e-01 -1.38545318e-02
  2.65703349e-03  0.00000000e+00  8.36965551e-02 -2.90375803e-02
  1.99277512e-02  2.28884457e-01  1.00397908e-01  1.98708148e-01
 -4.89653315e-02  6.64258374e-03 -1.51830485e-03 -6.26300752e-02
  1.70809296e-02  6.64258374e-03  1.79159973e-01  6.26300752e-03
  2.41030896e-02 -6.79441422e-02  6.64258374e-03  0.00000000e+00
  1.67772686e-01 -2.61907587e-02  9.77408750e-02  9.81204512e-02
 -3.05558852e-02  0.00000000e+00 -1.51830485e-03  1.52020274e-01
  5.12427888e-03  1.87890226e-02 -2.44826658e-02 -9.67919344e-03
  1.08938373e-01  7.59152427e-04 -2.03073274e-02  1.60750526e-01
  1.19566507e-01  1.32851675e-03  0.00000000e+00  1.35888284e-01
  1.48414299e-01  0.00000000e+00 -2.65703349e-03  7.62948189e-02
  7.40173616e-02  2.71396993e-02  2.33629159e-01 -4.36512646e-03
 -1.40443199e-02  5.10530007e-02 -2.33439371e-02 -2.52418182e-02
  2.50520301e-02  9.88796036e-02 -3.84596131e-14  9.52736296e-02
 -1.70809296e-02  1.69290991e-01 -1.51830485e-03  1.05711975e-01
 -2.29643609e-02  2.12562680e-02  8.73025291e-03  8.35067670e-02
  1.60750526e-01 -1.23362269e-02  1.41961504e-01  1.44808325e-01
 -4.06146548e-02  7.93314286e-02 -7.59152427e-03  1.64356500e-01
  5.54181272e-02 -3.18844019e-02  1.19566507e-01 -4.32716883e-02
 -2.39133015e-02  3.73882570e-02  2.37235133e-02 -5.86445250e-02
  1.89788107e-02  1.26588667e-01 -1.42341080e-02  9.39451128e-02
  3.32129187e-02  1.99277512e-02  1.17668626e-02  2.65703349e-02
 -3.03660971e-03  0.00000000e+00  0.00000000e+00  1.32851675e-02
  0.00000000e+00 -4.23227478e-02 -3.26435544e-02  1.99277512e-02
  0.00000000e+00 -8.16088859e-03  0.00000000e+00  6.64258374e-03
  3.32129187e-02  6.64258374e-03  2.50520301e-02 -8.16088859e-03
  0.00000000e+00  1.99277512e-02  6.64258374e-03  6.64258374e-03
  0.00000000e+00  6.64258374e-03  5.12427888e-03 -1.63217772e-02
  1.32851675e-02  6.64258374e-03  6.64258374e-03  1.32851675e-02
 -1.63217772e-02  0.00000000e+00]",0.32272560376454534,0.20840518984583303,0.15412751037498046,0.6852583039853588,0.8397101965345906,0.8670670730817697,0.8674938677590555,0.6026081723011198,0.46945761674241304,[0.26033255],18.56680897293191,0.1672653141777701,2.7672886553413516,0.001996007984031936,"[2034.49311171  735.19367334  417.48024662  375.87167738  337.46367529
  219.41223643  206.18393874  172.84562172  153.16265713  133.55318076
  129.44236341  116.11225246  107.5531401   105.98322485   96.69569381
   89.9301702    87.19854768   82.22567488   76.00511805   73.84658169
   68.43059565   64.55081694   62.63950341   60.28318659   56.59097614
   55.39471106   53.6054174    48.86497129   48.50142977   47.13382901
   43.18296915   40.34053328   38.49823523   38.1397246    36.67543145
   36.05703099   35.26422449   33.16429936   32.28664982   31.29281645
   28.94122594   27.97383102   26.75118949   25.64066975   24.97937095
   23.73127629   23.11051338   22.30624179   20.82419329   20.74328104
   19.98351105   19.8228927    18.46574197   18.10238867   17.48686154
   17.23598991   16.30189155   15.70184317   15.34601806   15.30535474
   14.87453033   14.14835698   13.67963158   12.82600516   12.73276701
   12.42452891   12.17624921   11.89956161   11.60072687   11.08297351
   10.89184473   10.77986729   10.42704141   10.20411385    9.98315132
    9.65169115    9.4363828     9.29418656    9.23245051    9.10709309
    8.97394188    8.73799953    8.51011807    8.42546968    8.27813064
    8.18746455    8.09022471    8.01565978    7.90312635    7.89283583
    7.81471481    7.75600842    7.70274931    7.66292788    7.57293442
    7.52645207    7.51767678    7.45966964    7.39469856    7.38062585
    7.37448013    7.30692338    7.29809782    7.2618958     7.24949725
    7.2433701     7.21745747    7.20424045    7.1894737     7.17830919
    7.17559503    7.16892756    7.1649245     7.15042057    7.15022071
    7.14216757    7.14068342    7.13626295    7.13590726    7.13337483
    7.13199308    7.13098735    7.13048476    7.13048476    7.13048476
    7.13048476    7.13048476    7.13048476    7.13048476    7.13048476
    7.13048476    7.13048476    7.13048476    7.13048476    7.13048476
    7.13048476    7.13048476    7.13048476    7.13048476    7.13048476
    7.13048476    7.13048476    7.13048476    7.13048476    7.13048476
    7.13048476]",0.8013926951432926,0.000999000999000999,0.6289287030856884,0.6256801189273186,0.6413245423250848
aa3432cd-62bd-40bc-bc1c-a12d53bcbdcf,cc9d666c-6fe5-418d-9b37-114428d25454,655,115,9,"[ 0.00548163  0.         -0.013262   -0.00813403  0.01927411  0.01962777
  0.04526764  0.00565846  0.01644489  0.0258167   0.01114008 -0.18160105
  0.02687766  0.05764551  0.02192651 -0.06295032  0.04226159  0.05481629
  0.08558414  0.01449979  0.1633879  -0.00813403  0.          0.15260147
 -0.22527725 -0.04615178 -0.18018644  0.00548163 -0.0251094  -0.0668405
  0.10167537  0.21396034 -0.14146138  0.05658455  0.00548163  0.07515136
 -0.0839927   0.05764551 -0.10609604  0.11157767 -0.17877182 -0.00813403
  0.          0.30078227 -0.08841337  0.08982798 -0.10485825  0.
  0.17116828  0.14835763 -0.08912067  0.03288977 -0.30007496 -0.00707307
 -0.05322485  0.15065637 -0.01078643  0.          0.08434635 -0.00813403
  0.04933466 -0.08027934  0.14959541  0.01945094 -0.21678957  0.09566326
  0.          0.08169395  0.05428581  0.          0.04792004 -0.01025595
  0.00866451  0.22846014 -0.12572381 -0.01078643  0.         -0.0053048
 -0.00813403 -0.0026524   0.03766409  0.          0.         -0.03501169
 -0.4088234   0.          0.00548163  0.00548163  0.          0.
  0.          0.02740814 -0.0026524   0.01644489  0.00548163  0.01449979
  0.          0.01184739 -0.00247557  0.00389019  0.00548163 -0.00813403
  0.09141942 -0.01343883  0.03395073  0.00335971  0.00565846 -0.01202422
 -0.00141461  0.00282923 -0.0072499   0.          0.          0.01945094
  0.        ]",0.32846877300717525,0.22515333934842413,0.14526223281672013,0.6988843451723195,0.3771027990785474,0.5761229057233773,0.6844219354085262,0.6653457541521044,0.5981504378501704,[0.41406895],2.149861856522179,0.668647153896835,3.350712309537048,0.003992015968063872,"[5516.69403382 1646.42425974  513.41070481  451.80138497  366.4329825
  313.56490514  291.01882174  267.83091286  235.77240363  227.7445224
  189.54296494  172.60671753  159.48230168  148.55900183  145.90497661
  134.64612347  129.12418841  125.72324397  118.61540789  107.91452081
   97.20261347   93.79765106   85.40530608   82.57326701   78.97133397
   75.88128192   67.41156263   65.35683166   63.84176587   59.83043274
   57.78131548   55.15775751   53.22954235   48.88587593   47.03143151
   43.88817065   42.12574057   40.10217744   35.76160598   34.93949941
   34.257865     31.26738399   30.73196271   28.26517514   26.71749102
   26.05249906   24.80064492   23.59036533   22.27218854   21.73080178
   20.28475354   19.73279567   19.00326037   17.36478022   17.15967683
   16.38677235   15.0382261    14.92691005   14.23373976   12.76231752
   12.10754278   11.60378962   11.3647596     9.9755734     9.62051738
    9.37393079    9.10598853    8.74126733    8.56355671    8.32470232
    8.19601383    8.09584935    7.57394029    7.41829324    7.30432068
    7.14013742    7.0681483     6.98012773    6.88006625    6.86528281
    6.82954718    6.71340886    6.65917555    6.60957355    6.5525764
    6.52829677    6.50180699    6.48210958    6.44637079    6.40862595
    6.40571719    6.36606479    6.35852226    6.33910459    6.26438654
    6.23954425    6.23954425    6.23954425    6.23954425    6.23954425
    6.23954425    6.23954425    6.23954425    6.23954425    6.23954425
    6.23954425    6.23954425    6.23954425    6.23954425    6.23954425
    6.23954425    6.23954425    6.23954425    6.23954425    6.23954425]",0.9707391175052571,0.000999000999000999,0.9309286081094468,0.6793995071475301,0.6916979583948509
872ce8ff-9fb3-485c-be00-bc5479e0095b,625a7bc9-00cf-44f6-a508-3ed89d23ba3a,443,118,9,"[-0.18553196  0.02233255  0.20442873 -0.04122932  0.10307331  0.01717889
 -0.06699765  0.         -0.01030733 -0.01374311  0.02233255 -0.02748622
 -0.01202522  0.31780937  0.015461   -0.13055953 -0.14258475  0.
  0.04294721  0.22676128 -0.09104809  0.00171789 -0.01202522 -0.07043343
 -0.07386921 -0.02748622  0.015461   -0.15976363 -0.02576833 -0.01202522
  0.02061466 -0.14602052 -0.17694252  0.04981877  0.12540586  0.05325454
  0.          0.          0.          0.          0.         -0.04638299
 -0.13914897 -0.13914897 -0.01202522  0.07902287  0.01717889 -0.00171789
  0.06527976 -0.01374311 -0.0292041   0.04981877 -0.07730498 -0.02748622
  0.02233255  0.03951144  0.015461    0.07902287  0.          0.015461
  0.00515367  0.09791964 -0.07558709  0.09448387 -0.30578415  0.00687155
  0.22847917  0.05840821  0.00858944  0.12368797  0.04810088  0.01717889
  0.27142638  0.09963753 -0.02061466  0.00515367  0.015461    0.015461
  0.015461   -0.09104809 -0.08074076  0.08245865  0.06871554  0.19583929
  0.01717889 -0.04122932  0.04638299  0.00343578 -0.01889677  0.015461
  0.03092199  0.         -0.04122932  0.          0.00343578  0.
  0.          0.         -0.03951144 -0.02405044 -0.02748622  0.00171789
  0.03092199  0.11509853 -0.17694252  0.015461    0.03092199  0.14430263
 -0.01374311  0.20614662  0.00171789  0.          0.14086686 -0.14602052
 -0.13571319  0.015461    0.015461   -0.00171789]",0.40868229075703166,0.1624447166234534,0.12632693187733507,0.6974539392578201,0.14032448082945062,0.2615058088258829,0.2791414094150854,0.5156325383400904,0.4121539048591179,[0.11557853],12.423015390739957,0.19804358012128911,1.1900706632844278,0.844311377245509,"[637.04688622 535.30173113 403.42833327 232.33575233 191.91445364
 182.93844246 155.97010003 137.82233644 127.51593838 114.73276644
 101.60580878  99.4125491   90.72917636  88.78770889  83.1805592
  81.5627452   72.51102849  70.2886853   67.71330816  65.54466883
  60.39055776  57.18824139  55.00787618  54.03948079  50.09284266
  47.51686335  45.28127455  43.55560916  42.90149467  36.83143119
  36.36765758  35.87893958  34.96384556  34.15117141  31.99903937
  31.85790253  29.96162929  28.8841319   28.05563923  27.38873507
  25.55764503  25.0414772   24.14928813  23.19712611  21.85381536
  21.31632168  20.88176092  20.15703163  20.11030608  19.25057851
  18.27921115  18.07816307  17.73532805  17.55705514  17.22798285
  17.06692739  16.4892203   16.42238631  15.99565127  15.88349378
  15.57155137  15.20648165  15.14198003  14.76745756  14.47420348
  14.37566487  14.29034613  14.1896941   14.07864082  13.91056468
  13.71341023  13.59915118  13.50190137  13.41615932  13.32941642
  13.31498284  13.29035457  13.21409068  13.21117041  13.16891077
  13.06765759  13.00650563  12.98182629  12.96469898  12.9237879
  12.89365922  12.87912059  12.84769938  12.83327902  12.81385455
  12.80936596  12.79958315  12.79467645  12.78754256  12.78586108
  12.78353365  12.78197264  12.78067954  12.78012298  12.78002225
  12.78002225  12.78002225  12.78002225  12.78002225  12.78002225
  12.78002225  12.78002225  12.78002225  12.78002225  12.78002225
  12.78002225  12.78002225  12.78002225  12.78002225  12.78002225
  12.78002225  12.78002225  12.78002225]",0.11023805982363959,0.001998001998001998,0.7482212700704416,0.5045915068116954,0.5197649859708378
b22f694e-4a34-4142-ab9d-2556c3487086,8b735d77-b77b-4243-8821-37802bf402fe,433,406,9,"[-4.38599558e-02 -1.28023655e-02 -5.61091326e-03 -3.47718568e-03
 -2.30758686e-02 -8.85101810e-03  8.69296421e-04 -8.85101810e-03
  9.72031452e-03  1.02735032e-03  0.00000000e+00 -6.79631747e-03
 -1.43433909e-01 -7.71303006e-02 -1.32765272e-02 -7.27047915e-03
 -3.27961831e-02  0.00000000e+00 -7.11242526e-03 -6.32215579e-04
 -5.83218871e-02 -6.17200459e-02 -2.37080842e-03  1.58844164e-02
 -1.10637726e-02  3.24010484e-03 -5.92702105e-03  3.24010484e-03
 -2.00728446e-02  0.00000000e+00 -2.04679794e-02 -1.80181440e-02
 -2.18904644e-02  3.16107789e-03 -1.61214973e-02  6.48020968e-03
  3.24010484e-03  1.31975002e-02 -1.18540421e-03 -3.71426652e-03
 -1.15379343e-02 -9.32517979e-03 -1.80181440e-02  0.00000000e+00
  8.53491031e-03 -2.33129495e-02  7.11242526e-04 -2.82126202e-02
 -7.90269473e-03 -3.35074257e-02 -2.37871111e-02  1.30394463e-02
 -2.29178147e-02 -5.79267524e-02 -7.90269473e-04 -2.21275453e-03
 -1.93616021e-02 -1.00364223e-02 -4.29116324e-02  6.48020968e-03
  4.10940126e-02 -4.50453600e-03 -2.71062429e-02 -3.16107789e-04
 -2.87658088e-02 -1.28023655e-02  2.37871111e-02  0.00000000e+00
 -1.18540421e-03  3.24010484e-03  8.53491031e-03  0.00000000e+00
  7.03339831e-03 -5.29480547e-03 -4.42550905e-03  2.37080842e-04
 -6.79631747e-03 -7.20725760e-02  2.73433238e-02 -1.13798804e-01
 -3.87232042e-02 -4.42550905e-03 -9.00907200e-03  3.61943419e-02
 -2.96351052e-02  1.61214973e-02  3.61943419e-02 -4.39389827e-02
 -7.32579802e-02 -2.37080842e-02 -8.89053157e-02 -1.36716619e-02
 -2.37080842e-03 -1.00364223e-02 -4.42550905e-03 -1.45409583e-02
 -6.22732345e-02 -2.07050602e-02 -4.29906593e-02  0.00000000e+00
 -4.42550905e-03 -5.53188631e-02 -9.31727709e-02  2.37871111e-02
 -6.62245819e-02 -8.62974265e-02  7.90269473e-03 -1.04157517e-01
 -7.86318126e-02 -4.33067671e-02  8.53491031e-03 -1.21227337e-01
 -3.37445065e-02 -4.40180097e-02  2.87658088e-02  0.00000000e+00
  4.66258989e-03  2.70272160e-02  4.15681743e-02 -6.09297764e-02
  3.24010484e-03  2.92399705e-03 -2.59208387e-02  6.48020968e-03
  6.48020968e-03  2.01518716e-02 -1.38218131e-01 -2.20485183e-02
 -6.02185339e-02  6.48020968e-03 -4.42550905e-03 -2.08236006e-01
  8.21880252e-03  5.29480547e-03 -7.98962438e-02  5.29480547e-03
 -1.17275990e-01  1.05896109e-02 -1.70303072e-01  1.02735032e-02
 -3.29542370e-02  0.00000000e+00 -2.37080842e-03  6.05346417e-02
  8.69296421e-03  1.35136080e-02  0.00000000e+00  0.00000000e+00
 -4.42550905e-03 -5.61091326e-03 -8.61393726e-03  2.58418118e-02
  0.00000000e+00 -9.32517979e-03  3.85651503e-02 -1.18540421e-03
 -1.85002084e-01  3.24010484e-03 -1.77810631e-02 -8.54281301e-02
 -8.37685642e-03  4.10940126e-03 -1.23282038e-01  0.00000000e+00
  4.26745516e-02 -4.42550905e-03 -5.08933541e-02 -1.73701230e-01
 -1.56473356e-02  1.55683086e-02  3.36654796e-02  2.23646261e-02
  0.00000000e+00 -1.21780526e-01 -1.32765272e-02 -5.13675158e-03
 -1.15379343e-01 -2.33129495e-02 -8.85101810e-03  3.24010484e-03
  0.00000000e+00  1.73859284e-03  0.00000000e+00 -8.65345073e-02
  7.03339831e-03 -7.27047915e-02  0.00000000e+00  8.70876960e-02
 -8.85101810e-03  3.24010484e-03  4.97869768e-03  6.98598214e-02
 -3.64314227e-02 -2.59998657e-02 -1.84923057e-02  3.24010484e-03
 -6.00604800e-03 -2.90028897e-02  1.73069015e-02 -2.63950004e-02
  3.44557490e-02  0.00000000e+00  1.95196560e-02 -9.79934147e-03
 -4.74161684e-03  6.30635040e-02  1.78600901e-02  4.52034139e-02
 -8.85101810e-03  2.14953297e-02  4.34648210e-02  0.00000000e+00
 -1.95986829e-02 -2.37080842e-03  1.08266918e-02  1.14589074e-02
  5.53188631e-03 -1.99147907e-02  4.66258989e-03 -2.09421410e-02
 -1.28023655e-02 -1.31184733e-02 -8.85892080e-02  1.38297158e-02
  1.71488476e-02  0.00000000e+00  9.64128757e-03 -4.25955246e-02
  1.42248505e-03 -5.00556684e-01  1.46199853e-02  5.29480547e-03
 -6.71729052e-03 -1.18540421e-03 -8.85101810e-03 -5.23948661e-02
 -1.44619314e-02  0.00000000e+00  4.97869768e-03 -5.35012433e-02
  0.00000000e+00  1.11427996e-02  2.92399705e-03 -2.36290573e-02
 -1.56473356e-02  2.05470063e-03 -8.85101810e-03 -6.64616627e-02
 -4.74161684e-03  0.00000000e+00 -4.34648210e-02 -1.53233251e-01
 -1.68880586e-01  3.46928299e-02  7.74464084e-03  9.72031452e-03
 -4.42550905e-03 -4.42550905e-03  8.77199115e-03 -2.77384585e-02
 -1.44619314e-02 -1.49360930e-02 -2.29178147e-03 -1.81761979e-02
 -1.60424703e-02  7.34950610e-03  1.27154358e-01 -3.95134737e-03
  2.05470063e-03  3.24010484e-03 -1.92035482e-02 -2.46564076e-02
  3.24010484e-03  0.00000000e+00 -1.21701499e-02  1.69907937e-02
 -6.85953903e-02 -2.59998657e-02  0.00000000e+00  6.95437137e-03
  3.19268867e-02 -3.60362880e-02 -8.01333246e-02 -1.44619314e-02
 -6.55923663e-03 -2.21275453e-02 -4.19633090e-02  1.01154493e-02
 -2.90028897e-02 -5.13675158e-03 -1.18540421e-03 -3.39815874e-03
 -4.58356295e-02 -2.45773806e-02  0.00000000e+00 -5.11304349e-02
  4.26745516e-02  7.34950610e-03 -7.38901958e-02  3.78539078e-02
 -1.27233385e-02 -8.85101810e-03  3.24010484e-03  0.00000000e+00
 -1.01944762e-02 -4.61517372e-02  1.90454943e-02  0.00000000e+00
  1.84132787e-02 -2.02308985e-02  1.24862577e-02 -4.20423360e-02
 -2.80545663e-02  0.00000000e+00 -1.33555541e-02  0.00000000e+00
  1.02735032e-03 -8.85101810e-03 -5.61091326e-03 -3.42107655e-01
 -2.86867819e-02 -4.89967073e-03 -3.21639676e-02 -7.64980850e-02
 -4.14891473e-02  1.40667966e-02 -4.23584438e-02 -4.71000606e-02
 -1.88874404e-02 -1.18540421e-03  0.00000000e+00 -5.47656745e-02
 -6.32215579e-02 -2.75804046e-02 -2.37080842e-03  0.00000000e+00
 -7.30208993e-02 -7.98172168e-03  2.05470063e-03 -3.55621263e-03
  8.69296421e-04  9.08809894e-03  6.48020968e-03  8.69296421e-04
 -1.18540421e-03  0.00000000e+00 -1.13008535e-02 -3.16107789e-04
  5.29480547e-03  0.00000000e+00 -2.80545663e-02 -1.00364223e-02
  5.53188631e-04  3.24010484e-03  3.46928299e-02  8.77199115e-03
  0.00000000e+00  1.66746859e-02  2.26807339e-02  1.50151200e-02
  7.03339831e-03  1.11427996e-02  2.92399705e-03 -2.37080842e-03
  2.05470063e-03  0.00000000e+00 -4.42550905e-03  1.29604194e-02
  0.00000000e+00  1.84923057e-02  7.90269473e-03 -1.47780392e-02
  1.17750152e-02  2.05470063e-03  3.24010484e-03  0.00000000e+00
 -7.42853305e-03  0.00000000e+00 -3.87232042e-03  8.53491031e-03
  3.24010484e-03 -2.76594316e-02 -1.80181440e-02  0.00000000e+00
 -1.62795512e-02 -4.74161684e-03  0.00000000e+00 -6.32215579e-02
 -1.86503596e-02  0.00000000e+00  6.48020968e-03 -1.32765272e-02
  2.05470063e-03  0.00000000e+00  9.72031452e-03  0.00000000e+00
  3.24010484e-03  3.24010484e-03  0.00000000e+00 -4.42550905e-03
  0.00000000e+00  0.00000000e+00  0.00000000e+00  0.00000000e+00
  9.72031452e-03 -4.42550905e-03]",0.47909096354630515,0.1780022715603712,0.0864793644902004,0.7435725995968768,0.7925973290826844,0.8337547366461808,0.9409114065620072,0.2646238061529561,0.14897150345304183,[0.0483851],20.014846831679804,0.1728741539609485,1.9307634897823216,0.001996007984031936,"[808.1143718  418.54653668 346.68931469 330.03546217 255.10732131
 245.98742461 239.50840398 224.13986016 217.88707006 203.32425376
 201.87771605 187.11867886 178.37278238 176.88958974 172.29236693
 166.60291504 156.39531426 149.53908766 146.70242479 146.29339843
 139.60667669 136.26810595 130.73210511 129.06967449 124.90271527
 122.97782962 119.37893991 114.93739038 113.74057643 110.04785895
 107.03145289 105.73205678 104.11849582 101.17571162  98.66048193
  95.6577439   94.06810794  92.45195772  90.80422869  88.98749522
  85.91929978  84.39992374  81.54800063  79.81822482  78.87861149
  78.25183715  77.07178749  74.29763875  73.68383722  69.74259251
  68.89053184  67.70758462  67.20676132  66.89073329  65.98488747
  63.01172994  61.66364293  59.93820022  58.90422802  58.81685765
  57.23730588  56.50041139  55.85262252  54.84649837  53.67320048
  52.76865768  52.28606217  50.38352172  49.95373146  48.70005036
  48.13204006  47.43175473  46.72400781  45.88703063  44.98904223
  43.83585494  42.78908875  42.53115345  42.34487037  40.92348053
  39.87216217  38.97302012  38.68391048  37.36788133  36.87466453
  35.95805881  35.45005482  35.20282318  34.10841005  33.48786549
  32.77764357  31.92520266  31.54749094  29.8954441   29.20817512
  21.18390469  21.18390469  21.18390469  21.18390469  21.18390469
  21.18390469  21.18390469  21.18390469  21.18390469  21.18390469
  21.18390469  21.18390469  21.18390469  21.18390469  21.18390469
  21.18390469  21.18390469  21.18390469  21.18390469  21.18390469
  21.18390469  21.18390469  21.18390469  21.18390469  21.18390469
  21.18390469  21.18390469  21.18390469  21.18390469  21.18390469
  21.18390469  21.18390469  21.18390469  21.18390469  21.18390469
  21.18390469  21.18390469  21.18390469  21.18390469  21.18390469
  21.18390469  21.18390469  21.18390469  21.18390469  21.18390469
  21.18390469  21.18390469  21.18390469  21.18390469  21.18390469
  21.18390469  21.18390469  21.18390469  21.18390469  21.18390469
  21.18390469  21.18390469  21.18390469  21.18390469  21.18390469
  21.18390469  21.18390469  21.18390469  21.18390469  21.18390469
  21.18390469  21.18390469  21.18390469  21.18390469  21.18390469
  21.18390469  21.18390469  21.18390469  21.18390469  21.18390469
  21.18390469  21.18390469  21.18390469  21.18390469  21.18390469
  21.18390469  21.18390469  21.18390469  21.18390469  21.18390469
  21.18390469  21.18390469  21.18390469  21.18390469  21.18390469
  21.18390469  21.18390469  21.18390469  21.18390469  21.18390469
  21.18390469  21.18390469  21.18390469  21.18390469  21.18390469
  21.18390469  21.18390469  21.18390469  21.18390469  21.18390469
  21.18390469  21.18390469  21.18390469  21.18390469  21.18390469
  21.18390469  21.18390469  21.18390469  21.18390469  21.18390469
  21.18390469  21.18390469  21.18390469  21.18390469  21.18390469
  21.18390469  21.18390469  21.18390469  21.18390469  21.18390469
  21.18390469  21.18390469  21.18390469  21.18390469  21.18390469
  21.18390469  21.18390469  21.18390469  21.18390469  21.18390469
  21.18390469  21.18390469  21.18390469  21.18390469  21.18390469
  21.18390469  21.18390469  21.18390469  21.18390469  21.18390469
  21.18390469  21.18390469  21.18390469  21.18390469  21.18390469
  21.18390469  21.18390469  21.18390469  21.18390469  21.18390469
  21.18390469  21.18390469  21.18390469  21.18390469  21.18390469
  21.18390469  21.18390469  21.18390469  21.18390469  21.18390469
  21.18390469  21.18390469  21.18390469  21.18390469  21.18390469
  21.18390469  21.18390469  21.18390469  21.18390469  21.18390469
  21.18390469  21.18390469  21.18390469  21.18390469  21.18390469
  21.18390469  21.18390469  21.18390469  21.18390469  21.18390469
  21.18390469  21.18390469  21.18390469  21.18390469  21.18390469
  21.18390469  21.18390469  21.18390469  21.18390469  21.18390469
  21.18390469  21.18390469  21.18390469  21.18390469  21.18390469
  21.18390469  21.18390469  21.18390469  21.18390469  21.18390469
  21.18390469  21.18390469  21.18390469  21.18390469  21.18390469
  21.18390469  21.18390469  21.18390469  21.18390469  21.18390469
  21.18390469  21.18390469  21.18390469  21.18390469  21.18390469
  21.18390469  21.18390469  21.18390469  21.18390469  21.18390469
  21.18390469  21.18390469  21.18390469  21.18390469  21.18390469
  21.18390469  21.18390469  21.18390469  21.18390469  21.18390469
  21.18390469  21.18390469  21.18390469  21.18390469  21.18390469
  21.18390469  21.18390469  21.18390469  21.18390469  21.18390469
  21.18390469  21.18390469  21.18390469  21.18390469  21.18390469
  21.18390469  21.18390469  21.18390469  21.18390469  21.18390469
  21.18390469  21.18390469  21.18390469  21.18390469  21.18390469
  21.18390469  21.18390469  21.18390469  21.18390469  21.18390469
  21.18390469  21.18390469  21.18390469  21.18390469  21.18390469
  21.18390469  21.18390469  21.18390469  21.18390469  21.18390469
  21.18390469  21.18390469  21.18390469  21.18390469  21.18390469
  21.18390469  21.18390469  21.18390469  21.18390469  21.18390469
  21.18390469  21.18390469  21.18390469  21.18390469  21.18390469
  21.18390469  21.18390469  21.18390469  21.18390469  21.18390469
  21.18390469  21.18390469  21.18390469  21.18390469  21.18390469
  21.18390469  21.18390469  21.18390469  21.18390469  21.18390469
  21.18390469  21.18390469  21.18390469  21.18390469  21.18390469
  21.18390469]",0.4594270395404376,0.000999000999000999,0.7479618003161894,0.2711266453199927,0.27883389082766874
a7763417-e0d6-4f2a-aa55-e382fd9b5fb8,769b42dc-acf3-4079-b09e-ec979568d297,972,266,9,"[ 2.28051380e-03 -1.03991429e-02  1.06956097e-02 -6.62033156e-02
  1.16306204e-03  4.12772998e-03  3.63513899e-02  4.85521388e-02
 -1.35850207e-01 -6.07072773e-02  5.36832948e-02  1.10034791e-01
  7.35465700e-02  6.55419666e-02 -6.92135938e-02 -1.39886716e-01
  1.47321191e-02  0.00000000e+00 -1.19658559e-01  2.36033178e-02
  4.95555648e-02 -1.72406843e-02  7.13800819e-03 -3.55075998e-02
  1.84721618e-03 -5.56673418e-02  3.80845804e-03 -1.03079224e-02
  9.14486033e-03  6.11177698e-02 -8.40825437e-02 -4.39455009e-02
  8.64314730e-03 -4.58155222e-02 -7.89057774e-02 -3.36375785e-02
 -3.67162722e-02 -4.38770855e-02  5.34780486e-02  3.81301907e-02
 -2.58838316e-02  5.62146651e-02 -1.08780508e-02 -2.50856518e-03
  3.09465722e-02 -1.19270872e-02  3.07185209e-02 -5.68532090e-02
 -8.37860770e-02 -6.66138080e-02 -6.52226946e-03 -3.06501054e-02
 -3.84266575e-02 -6.09581338e-02 -2.06386499e-02  3.37744094e-02
 -1.62828685e-02  2.80959300e-02 -6.36263350e-03 -4.86661645e-02
 -1.41847958e-02 -1.57127401e-02 -1.12885433e-02 -2.57470008e-02
 -7.59867198e-02  6.54507460e-03 -2.83239814e-02 -7.38430368e-02
 -3.35919682e-02 -1.11106632e-01 -1.25428259e-03 -1.19134041e-01
  1.65793353e-02 -3.88599551e-02 -9.32958195e-02 -8.68875757e-03
 -4.62032096e-02 -3.62373643e-02 -5.88372560e-02 -4.63628455e-02
 -3.86775140e-02  1.39339393e-02  7.12660562e-02 -3.06501054e-02
  8.58157342e-02  0.00000000e+00  3.19271932e-03 -2.84608122e-02
 -3.89967860e-02 -4.64312609e-02 -9.09925006e-03  4.07755867e-02
  2.83923968e-02  1.14025690e-02 -1.25884362e-02 -2.64539601e-02
 -5.70128449e-04  1.69898278e-02  4.97152008e-03  2.93958229e-02
  1.91107056e-02  1.95668084e-02 -3.52795485e-02  4.15737665e-02
  6.63629515e-03  8.93961409e-03  1.22463591e-02 -8.23265481e-03
 -5.45042798e-03  1.96352238e-02  1.21551385e-02  3.01027821e-03
  3.70583492e-02  1.72406843e-02  2.46295490e-03  1.22463591e-02
  2.44243028e-02  7.45728012e-03 -1.05359737e-02  9.37291171e-03
  4.72066356e-03 -5.47323312e-04 -1.36830828e-04  1.68986072e-02
  7.27483902e-03  4.56102760e-03  1.22235540e-02  2.44471079e-02
  2.46295490e-03  3.19271932e-02  3.18815829e-02  1.23147745e-02
  7.11520305e-02  2.70696988e-02  6.35579196e-02  3.44813686e-02
 -2.28051380e-05  3.15851161e-02 -2.36489281e-02 -3.69215184e-02
 -8.16651991e-02 -2.36489281e-02  9.62376823e-03  1.92931467e-02
  6.04336157e-03 -1.95896135e-02 -7.59411095e-02 -9.84725858e-02
 -1.03421301e-01 -8.57245137e-02 -4.31245159e-02 -6.59980693e-02
 -4.83468925e-02 -6.33298682e-02 -1.60776223e-02 -7.91566339e-02
 -5.01713036e-03  0.00000000e+00 -2.63627395e-02  2.09351167e-02
  4.54962503e-02 -2.62943241e-02 -1.16990358e-01 -1.32110164e-01
 -1.61642818e-01  2.48576004e-03  3.56900409e-02 -1.82897207e-02
  2.68644525e-02 -2.88256944e-02  8.38316872e-02  1.79704487e-02
  1.90650954e-02 -1.29647209e-01  5.03081344e-02  1.32817124e-01
  1.02623121e-01  2.22350095e-02  1.27070229e-01 -1.16534255e-02
  1.71950740e-02  1.27343891e-01  3.77881136e-02  9.96812581e-02
  1.41186609e-01 -6.84154140e-05  1.10240037e-01  5.46639157e-02
  4.96011751e-02 -4.45840448e-02 -2.93046023e-02  5.90425022e-02
 -6.35807247e-02 -2.10947526e-02 -9.44132713e-02 -1.31813698e-02
 -1.13797639e-01 -2.51996775e-02 -4.42191626e-02  8.73664836e-02
  1.44584575e-01  9.87462475e-03  4.90310467e-03  2.40366154e-02
  8.66595243e-03 -1.30810271e-01 -1.63079542e-01 -9.28397167e-02
 -1.45542391e-01 -1.17925369e-01 -7.55078119e-02 -1.15576439e-01
 -1.65565302e-01 -1.65565302e-01 -1.26203634e-01 -1.02851172e-01
 -5.09010680e-02 -1.23170550e-01 -1.50970013e-01 -3.60777283e-02
 -1.25975582e-01 -1.07891108e-01 -2.55417545e-03 -7.84496747e-02
 -1.33866160e-02 -1.20958452e-01 -7.75374691e-04 -6.36947504e-02
 -2.60662727e-02  5.58041726e-02 -4.88714107e-02  3.92248373e-03
  6.84610242e-02  1.08347211e-01  1.65565302e-02  4.31701262e-02
  4.41507471e-02 -1.61916480e-02  4.85293336e-02  1.68758021e-03
  1.98404700e-03 -1.09555883e-01  2.30331894e-03  4.46296550e-02
 -5.53708750e-02 -2.79362940e-02 -1.03307275e-02 -1.76055665e-02
  2.90309407e-02  1.72634895e-02 -1.53022476e-02  9.39571685e-03
 -2.62259087e-03 -2.39453949e-03  3.71723749e-03  6.38771915e-02
  3.88371500e-02  2.32612407e-03 -8.36720513e-02 -7.55990324e-02
 -9.34098452e-02  1.25428259e-02  1.46431791e-01  1.25063377e-01
  4.61575993e-02  4.34665930e-02]",0.40742309384925063,0.24388950742037235,0.10081708079183255,0.7521296820614556,0.4068167879091337,0.5583093827535013,0.674121488279895,0.6803262946107312,0.4577502868253015,[0.16256924],81.31348729591626,0.03706161156951908,1.1062072518682673,0.9920159680638723,"[8131.75624893 7351.02417309 4511.8084352  3364.21098669 1903.26359379
 1707.67156746 1603.20673876  765.48496411  650.71149792  616.96575137
  581.01027662  428.13387795  404.00221402  392.16894717  365.16328094
  351.96642503  334.63401332  300.06787082  288.48992338  277.29343672
  261.82256725  257.48583806  244.79470552  243.00770366  237.63516314
  225.11767471  220.93589835  215.45203342  210.0535994   201.83892633
  198.84914774  194.77617635  192.71047051  188.34779427  183.95793111
  178.82660018  175.23364902  166.61547109  163.65909198  161.20874775
  159.24827084  157.84541312  152.93056589  150.11544153  147.49500699
  146.08473345  143.3001748   140.65211383  139.49908862  136.94276484
  136.37487626  132.00522739  130.80745194  129.34096907  126.72963337
  124.57099865  123.28025707  123.21496738  119.37212493  117.13658653
  115.72330072  112.9859058   110.39516924  107.49428311  106.79374468
  104.23057205  103.38683135  102.88540752  101.22877843   98.0232042
   97.41074064   96.0182027    94.164811     92.01682628   90.53466279
   89.10786331   87.44208764   86.97428341   84.42178193   83.36258221
   81.47173133   80.94579024   79.07106933   78.6869017    77.14576698
   76.37279732   75.64559803   74.42750465   73.04600151   70.98682117
   70.28134134   69.91379222   68.14298873   67.81955293   66.88678054
   65.60315646   65.17168417   64.34839551   63.50396778   62.83495552
   62.38079642   60.51744905   59.12454989   59.04975894   58.13671007
   57.63454653   56.58091298   55.79335523   55.00288377   54.4814573
   53.34087059   53.11824791   52.11442115   51.30154928   50.81367844
   50.51946192   49.51886977   49.01401406   48.20361311   47.98452243
   46.89897072   46.58516138   46.02976769   45.31377901   44.65034449
   44.2556175    43.58583461   42.67910249   42.46862676   41.90366462
   41.58035706   41.26413977   40.70697299   39.98978063   39.72071719
   39.41396811   39.33212495   38.59046899   37.75746881   37.50116544
   37.12646442   36.6907645    36.60052134   36.13922508   35.65702755
   35.17054752   34.92257941   34.71298849   34.43221398   33.98065178
   33.74252304   33.66875515   33.177752     32.92590741   32.33267111
   32.18727158   31.74182784   31.27300744   31.1459797    31.05203212
   30.74533416   30.50585429   30.12561829   30.05675606   29.6471285
   29.5193958    29.09909965   29.0406421    28.99555828   28.69605762
   28.41260535   28.12034719   28.10522023   28.03754085   27.83971538
   27.79427148   27.48671897   27.34622528   27.33647638   27.07780998
   26.9902147    26.96879853   26.79631777   26.75882548   26.68729379
   26.63509448   26.57025588   26.55960924   26.51739515   26.49213555
   26.44032032   26.37355775   26.36156649   26.35193908   26.31277965
   26.29952825   26.27456459   26.26628568   26.25487679   26.24432654
   26.23931312   26.22665046   26.21757626   26.20908257   26.20275238
   26.19954785   26.19251123   26.18744221   26.18140706   26.17836724
   26.17414406   26.17359294   26.1706315    26.16967365   26.16821491
   26.16769277   26.16664631   26.16605372   26.16605372   26.16605372
   26.16605372   26.16605372   26.16605372   26.16605372   26.16605372
   26.16605372   26.16605372   26.16605372   26.16605372   26.16605372
   26.16605372   26.16605372   26.16605372   26.16605372   26.16605372
   26.16605372   26.16605372   26.16605372   26.16605372   26.16605372
   26.16605372   26.16605372   26.16605372   26.16605372   26.16605372
   26.16605372   26.16605372   26.16605372   26.16605372   26.16605372
   26.16605372   26.16605372   26.16605372   26.16605372   26.16605372
   26.16605372   26.16605372   26.16605372   26.16605372   26.16605372
   26.16605372   26.16605372   26.16605372   26.16605372   26.16605372
   26.16605372]",0.05002319850554821,0.000999000999000999,0.9723602467410902,0.7074304553273238,0.7295413024139364
dc21e80d-97d7-44ca-a729-a8e3f9b14305,176b4fe3-f570-4d9f-9e25-a5d218f75c8b,1111,40,9,"[-7.69014364e-01 -3.46715223e-04  1.87226220e-02 -1.04014567e-03
  6.56447488e-02  1.85030357e-01 -2.26520612e-02 -1.84221355e-01
 -1.85030357e-01 -2.18661734e-01 -1.74628900e-01  0.00000000e+00
 -1.39263948e-01 -8.64476621e-02 -1.75437903e-01 -1.86417218e-01
  0.00000000e+00  2.94707939e-02 -6.48357466e-02 -2.04561981e-02
 -1.10833299e-01 -1.30018208e-01  0.00000000e+00 -5.52432921e-02
 -2.46167808e-02  5.51277204e-02 -5.39720030e-02 -1.82603351e-01
  6.47201749e-03 -1.54403846e-01  5.43187182e-03 -5.18917116e-02
  3.14355135e-02  3.64050984e-02  1.38917232e-01 -6.81873271e-03
 -7.51216315e-03 -6.81873271e-03 -4.10279680e-02 -5.14294247e-02]",0.5341058055797139,0.14802484800028426,0.09562874303913582,0.777759396619134,0.8300949626432865,0.9323041437735982,0.9354679275431903,0.7062596669279403,0.5699971731235028,[0.26408318],11.046585431442063,0.22502203613450636,3.0708811679462342,0.001996007984031936,"[877.72270885 285.82112457 215.28039932 188.03482401 147.43028735
 136.97068153 115.26655    112.38110874 106.44655706  99.33665043
  94.89382696  90.89854219  86.95066127  76.16677546  69.55639453
  67.94689298  58.59767965  56.13360016  53.76118299  52.33324527
  45.23666373  41.89582866  39.40181438  32.46983771  24.99860365
  21.05700036  20.04244219  17.8110807   14.91121048   8.42035039
   7.77757105   7.73536504   7.42589908   6.46141756   6.2237221
   6.14766603   6.10117828   5.87090384   5.87090384   5.87090384]",0.9487151271378105,0.000999000999000999,0.9669253834388688,0.6886425791212312,0.7079144705592949
09394481-8dd2-4d5c-9327-f2753ede92d7,da57bb3a-b0f2-465d-a5fc-cc84341450b0,912,32,9,"[-0.03876355 -0.01393065  0.02241018 -0.04421468  0.02301586 -0.02059314
 -0.04603172 -0.07934415 -0.33372997 -0.05329989 -0.01211361  0.00847953
 -0.05390557 -0.02422722  0.33191293 -0.21077682 -0.47303649 -0.01695905
  0.01998746  0.08297823 -0.16716782 -0.00969089 -0.13809516 -0.34220949
  0.18412688 -0.07873847 -0.01271929  0.27861304 -0.15081445 -0.06601918
 -0.41125707  0.0654135 ]",0.23521190035544337,0.1951460582987351,0.1514847854385672,0.5818427440927456,0.05528893998300202,0.24889939878600176,0.932553617811726,0.13043044698030967,0.02956753045948781,[0.04367426],5.401723302543692,0.3073851275744038,1.0495106580561304,0.25149700598802394,"[284.4740579  271.05399618 263.22778884 251.84456364 249.26834749
 242.18890834 238.98153164 236.93517257 231.6150026  222.4425596
 221.84361456 216.83215693 210.56572338 208.55998212 203.64561654
 201.89757691 196.71891937 196.21335983 192.62012235 188.47059082
 186.08002506 181.91850468 180.23781326 176.78627959 174.87512104
 170.69160722 167.01335822 163.81333919 161.0784684  158.81670227
 132.01882073 130.81095303]",0.07291416365974561,0.11688311688311688,0.041371471878220566,0.13732990210725946,0.14860462631600613
