eid,pid,target_prefix,bin_start,bin_end,bin_size,step_size,bin_index,bin_idx,time,n_trials,n_units,n_pos,n_neg,overlap_topk,cosine2_top1,expected_random_overlap,expected_random_cosine2,k_eff,n_eff,null_pval,status,n_active_units
69c9a415-f7fa-4208-887b-1417c1479b48,72274871-80e5-4fb9-be1a-bb04acebb1de,VISl,0.04,0.09,0.05,0.01,0,0,0.065,637,145,136.0,131.0,0.7970958606624138,0.5823400714200122,0.020689655172413793,0.006896551724137931,3.0,145.0,0.0001999600079984003,ok,145
69c9a415-f7fa-4208-887b-1417c1479b48,72274871-80e5-4fb9-be1a-bb04acebb1de,VISl,0.05,0.1,0.05,0.01,1,0,0.07500000000000001,637,145,136.0,131.0,0.8023309185723136,0.5291963087790793,0.020689655172413793,0.006896551724137931,3.0,145.0,0.0001999600079984003,ok,145
69c9a415-f7fa-4208-887b-1417c1479b48,72274871-80e5-4fb9-be1a-bb04acebb1de,VISl,0.060000000000000005,0.11000000000000001,0.05,0.01,2,0,0.085,637,144,136.0,131.0,0.804009971262851,0.5166620847051412,0.020833333333333332,0.006944444444444444,3.0,144.0,0.0001999600079984003,ok,144
69c9a415-f7fa-4208-887b-1417c1479b48,72274871-80e5-4fb9-be1a-bb04acebb1de,VISl,0.07,0.12000000000000001,0.05,0.01,3,0,0.095,637,143,136.0,131.0,0.8588798294776293,0.5828193221876025,0.02097902097902098,0.006993006993006993,3.0,143.0,0.0001999600079984003,ok,143
69c9a415-f7fa-4208-887b-1417c1479b48,72274871-80e5-4fb9-be1a-bb04acebb1de,VISl,0.08000000000000002,0.13,0.05,0.01,4,0,0.10500000000000001,637,143,136.0,131.0,0.8107905772639287,0.6064437015805259,0.02097902097902098,0.006993006993006993,3.0,143.0,0.0001999600079984003,ok,143
69c9a415-f7fa-4208-887b-1417c1479b48,72274871-80e5-4fb9-be1a-bb04acebb1de,VISl,0.09000000000000001,0.14,0.05,0.01,5,0,0.11500000000000002,637,144,136.0,131.0,0.7591851953616786,0.6280638692046658,0.020833333333333332,0.006944444444444444,3.0,144.0,0.0001999600079984003,ok,144
872ce8ff-9fb3-485c-be00-bc5479e0095b,0a0184b3-9e1a-4c36-98f4-00ae3beb8f01,VISl,0.04,0.09,0.05,0.01,0,0,0.065,443,186,98.0,105.0,0.9679498977447685,0.9390045956186568,0.016129032258064516,0.005376344086021506,3.0,186.0,0.0001999600079984003,ok,186
872ce8ff-9fb3-485c-be00-bc5479e0095b,0a0184b3-9e1a-4c36-98f4-00ae3beb8f01,VISl,0.05,0.1,0.05,0.01,1,0,0.07500000000000001,443,185,98.0,105.0,0.9416719276483865,0.9012046182758492,0.016216216216216217,0.005405405405405406,3.0,185.0,0.0001999600079984003,ok,185
872ce8ff-9fb3-485c-be00-bc5479e0095b,0a0184b3-9e1a-4c36-98f4-00ae3beb8f01,VISl,0.060000000000000005,0.11000000000000001,0.05,0.01,2,0,0.085,443,186,98.0,105.0,0.8760311045095143,0.7642863268691239,0.016129032258064516,0.005376344086021506,3.0,186.0,0.0001999600079984003,ok,186
872ce8ff-9fb3-485c-be00-bc5479e0095b,0a0184b3-9e1a-4c36-98f4-00ae3beb8f01,VISl,0.07,0.12000000000000001,0.05,0.01,3,0,0.095,443,181,98.0,105.0,0.7684585054625027,0.6032125149393219,0.016574585635359115,0.0055248618784530384,3.0,181.0,0.0001999600079984003,ok,181
872ce8ff-9fb3-485c-be00-bc5479e0095b,0a0184b3-9e1a-4c36-98f4-00ae3beb8f01,VISl,0.08000000000000002,0.13,0.05,0.01,4,0,0.10500000000000001,443,183,98.0,105.0,0.6450076006361726,0.5287259162413638,0.01639344262295082,0.00546448087431694,3.0,183.0,0.0001999600079984003,ok,183
872ce8ff-9fb3-485c-be00-bc5479e0095b,0a0184b3-9e1a-4c36-98f4-00ae3beb8f01,VISl,0.09000000000000001,0.14,0.05,0.01,5,0,0.11500000000000002,443,182,98.0,105.0,0.6249481425116367,0.406591239717631,0.016483516483516484,0.005494505494505495,3.0,182.0,0.0001999600079984003,ok,182
b22f694e-4a34-4142-ab9d-2556c3487086,8b735d77-b77b-4243-8821-37802bf402fe,VISl,0.04,0.09,0.05,0.01,0,0,0.065,433,50,108.0,85.0,0.24750803502796226,0.011423697492914001,0.06,0.02,3.0,50.0,0.3635272945410918,ok,50
b22f694e-4a34-4142-ab9d-2556c3487086,8b735d77-b77b-4243-8821-37802bf402fe,VISl,0.05,0.1,0.05,0.01,1,0,0.07500000000000001,433,52,108.0,85.0,0.1922535356923382,0.0003276804151774002,0.057692307692307696,0.019230769230769232,3.0,52.0,0.8750249950009998,ok,52
b22f694e-4a34-4142-ab9d-2556c3487086,8b735d77-b77b-4243-8821-37802bf402fe,VISl,0.060000000000000005,0.11000000000000001,0.05,0.01,2,0,0.085,433,54,108.0,85.0,0.039556004326959465,0.007338721688821856,0.05555555555555555,0.018518518518518517,3.0,54.0,0.4233153369326135,ok,54
b22f694e-4a34-4142-ab9d-2556c3487086,8b735d77-b77b-4243-8821-37802bf402fe,VISl,0.07,0.12000000000000001,0.05,0.01,3,0,0.095,433,54,108.0,85.0,0.38715608906154775,0.14199786502414746,0.05555555555555555,0.018518518518518517,3.0,54.0,0.01999600079984003,ok,54
b22f694e-4a34-4142-ab9d-2556c3487086,8b735d77-b77b-4243-8821-37802bf402fe,VISl,0.08000000000000002,0.13,0.05,0.01,4,0,0.10500000000000001,433,54,108.0,85.0,0.1550434392632235,0.07345319018076082,0.05555555555555555,0.018518518518518517,3.0,54.0,0.08138372325534893,ok,54
b22f694e-4a34-4142-ab9d-2556c3487086,8b735d77-b77b-4243-8821-37802bf402fe,VISl,0.09000000000000001,0.14,0.05,0.01,5,0,0.11500000000000002,433,56,108.0,85.0,0.08773302444123779,0.02240210295973407,0.05357142857142857,0.017857142857142856,3.0,56.0,0.47030593881223753,ok,56
5285c561-80da-4563-8694-739da92e5dd0,f698f893-da01-49a1-ae4b-16f7e42e5ff5,VISl,0.04,0.09,0.05,0.01,0,0,0.065,563,141,126.0,123.0,0.9726262925058485,0.9685424719429208,0.02127659574468085,0.0070921985815602835,3.0,141.0,0.0001999600079984003,ok,141
5285c561-80da-4563-8694-739da92e5dd0,f698f893-da01-49a1-ae4b-16f7e42e5ff5,VISl,0.05,0.1,0.05,0.01,1,0,0.07500000000000001,563,137,126.0,123.0,0.9711394901171533,0.9646110449072809,0.021897810218978103,0.0072992700729927005,3.0,137.0,0.0001999600079984003,ok,137
5285c561-80da-4563-8694-739da92e5dd0,f698f893-da01-49a1-ae4b-16f7e42e5ff5,VISl,0.060000000000000005,0.11000000000000001,0.05,0.01,2,0,0.085,563,139,126.0,123.0,0.956294243506944,0.9532811810391737,0.02158273381294964,0.007194244604316547,3.0,139.0,0.0001999600079984003,ok,139
5285c561-80da-4563-8694-739da92e5dd0,f698f893-da01-49a1-ae4b-16f7e42e5ff5,VISl,0.07,0.12000000000000001,0.05,0.01,3,0,0.095,563,139,126.0,123.0,0.9549995200300367,0.9532876132274547,0.02158273381294964,0.007194244604316547,3.0,139.0,0.0001999600079984003,ok,139
5285c561-80da-4563-8694-739da92e5dd0,f698f893-da01-49a1-ae4b-16f7e42e5ff5,VISl,0.08000000000000002,0.13,0.05,0.01,4,0,0.10500000000000001,563,138,126.0,123.0,0.9506608061591174,0.9492686356982837,0.021739130434782608,0.007246376811594203,3.0,138.0,0.0001999600079984003,ok,138
5285c561-80da-4563-8694-739da92e5dd0,f698f893-da01-49a1-ae4b-16f7e42e5ff5,VISl,0.09000000000000001,0.14,0.05,0.01,5,0,0.11500000000000002,563,138,126.0,123.0,0.9560692156125264,0.9559074778610296,0.021739130434782608,0.007246376811594203,3.0,138.0,0.0001999600079984003,ok,138
d901aff5-2250-467a-b4a1-0cb9729df9e2,12c0f3a9-518e-4dac-9651-5d95c2b4730f,VISl,0.04,0.09,0.05,0.01,0,0,0.065,458,15,96.0,102.0,0.1351028982366449,0.00556907600467473,0.2,0.06666666666666667,3.0,15.0,0.8418316336732653,ok,15
d901aff5-2250-467a-b4a1-0cb9729df9e2,12c0f3a9-518e-4dac-9651-5d95c2b4730f,VISl,0.05,0.1,0.05,0.01,1,0,0.07500000000000001,458,15,96.0,102.0,0.07329066909821533,0.0001682093797515568,0.2,0.06666666666666667,3.0,15.0,0.9618076384723055,ok,15
d901aff5-2250-467a-b4a1-0cb9729df9e2,12c0f3a9-518e-4dac-9651-5d95c2b4730f,VISl,0.060000000000000005,0.11000000000000001,0.05,0.01,2,0,0.085,458,15,96.0,102.0,0.8077586716743878,0.012373305964653462,0.2,0.06666666666666667,3.0,15.0,0.5494901019796041,ok,15
d901aff5-2250-467a-b4a1-0cb9729df9e2,12c0f3a9-518e-4dac-9651-5d95c2b4730f,VISl,0.07,0.12000000000000001,0.05,0.01,3,0,0.095,458,15,96.0,102.0,0.7957375443587165,0.002403342916722567,0.2,0.06666666666666667,3.0,15.0,0.8342331533693261,ok,15
d901aff5-2250-467a-b4a1-0cb9729df9e2,12c0f3a9-518e-4dac-9651-5d95c2b4730f,VISl,0.08000000000000002,0.13,0.05,0.01,4,0,0.10500000000000001,458,15,96.0,102.0,0.1410061289313374,0.025350689674656993,0.2,0.06666666666666667,3.0,15.0,0.3703259348130374,ok,15
d901aff5-2250-467a-b4a1-0cb9729df9e2,12c0f3a9-518e-4dac-9651-5d95c2b4730f,VISl,0.09000000000000001,0.14,0.05,0.01,5,0,0.11500000000000002,458,14,96.0,102.0,0.5351654985833633,0.16701060700704584,0.21428571428571427,0.07142857142857142,3.0,14.0,0.10717856428714258,ok,14
5d6aa933-4b00-4e99-ae2d-5003657592e9,61ed1a53-2f33-4a83-82ba-ec7dfa65bf60,VISl,0.04,0.09,0.05,0.01,0,0,0.065,845,172,187.0,169.0,0.5571877894193092,0.07457784224091553,0.01744186046511628,0.005813953488372093,3.0,172.0,0.09298140371925614,ok,172
5d6aa933-4b00-4e99-ae2d-5003657592e9,61ed1a53-2f33-4a83-82ba-ec7dfa65bf60,VISl,0.05,0.1,0.05,0.01,1,0,0.07500000000000001,845,168,187.0,169.0,0.46958987336399527,0.08044743484921424,0.017857142857142856,0.005952380952380952,3.0,168.0,0.0613877224555089,ok,168
5d6aa933-4b00-4e99-ae2d-5003657592e9,61ed1a53-2f33-4a83-82ba-ec7dfa65bf60,VISl,0.060000000000000005,0.11000000000000001,0.05,0.01,2,0,0.085,845,169,187.0,169.0,0.25216232316319576,0.054639496157450264,0.01775147928994083,0.005917159763313609,3.0,169.0,0.13277344531093782,ok,169
5d6aa933-4b00-4e99-ae2d-5003657592e9,61ed1a53-2f33-4a83-82ba-ec7dfa65bf60,VISl,0.07,0.12000000000000001,0.05,0.01,3,0,0.095,845,169,187.0,169.0,0.06570642873037,0.016025003103766075,0.01775147928994083,0.005917159763313609,3.0,169.0,0.4385122975404919,ok,169
5d6aa933-4b00-4e99-ae2d-5003657592e9,61ed1a53-2f33-4a83-82ba-ec7dfa65bf60,VISl,0.08000000000000002,0.13,0.05,0.01,4,0,0.10500000000000001,845,166,187.0,169.0,0.014481972978530941,0.003334609395454213,0.018072289156626505,0.006024096385542169,3.0,166.0,0.6588682263547291,ok,166
5d6aa933-4b00-4e99-ae2d-5003657592e9,61ed1a53-2f33-4a83-82ba-ec7dfa65bf60,VISl,0.09000000000000001,0.14,0.05,0.01,5,0,0.11500000000000002,845,167,187.0,169.0,0.016422494662394014,0.006590583730334066,0.017964071856287425,0.005988023952095809,3.0,167.0,0.21755648870225955,ok,167
6c6983ef-7383-4989-9183-32b1a300d17a,c0c3c95d-43c3-4e30-9ce7-0519d0473911,VISl,0.04,0.09,0.05,0.01,0,0,0.065,635,54,138.0,141.0,0.921130250895591,0.848397668552892,0.05555555555555555,0.018518518518518517,3.0,54.0,0.0001999600079984003,ok,54
6c6983ef-7383-4989-9183-32b1a300d17a,c0c3c95d-43c3-4e30-9ce7-0519d0473911,VISl,0.05,0.1,0.05,0.01,1,0,0.07500000000000001,635,55,138.0,141.0,0.9280070487624879,0.8874320983356219,0.05454545454545454,0.01818181818181818,3.0,55.0,0.0001999600079984003,ok,55
6c6983ef-7383-4989-9183-32b1a300d17a,c0c3c95d-43c3-4e30-9ce7-0519d0473911,VISl,0.060000000000000005,0.11000000000000001,0.05,0.01,2,0,0.085,635,55,138.0,141.0,0.9240422529941453,0.8829169628692349,0.05454545454545454,0.01818181818181818,3.0,55.0,0.0001999600079984003,ok,55
6c6983ef-7383-4989-9183-32b1a300d17a,c0c3c95d-43c3-4e30-9ce7-0519d0473911,VISl,0.07,0.12000000000000001,0.05,0.01,3,0,0.095,635,56,138.0,141.0,0.906459361313392,0.8240856438761602,0.05357142857142857,0.017857142857142856,3.0,56.0,0.0001999600079984003,ok,56
6c6983ef-7383-4989-9183-32b1a300d17a,c0c3c95d-43c3-4e30-9ce7-0519d0473911,VISl,0.08000000000000002,0.13,0.05,0.01,4,0,0.10500000000000001,635,57,138.0,141.0,0.7793624620622365,0.7141628702942356,0.05263157894736842,0.017543859649122806,3.0,57.0,0.0001999600079984003,ok,57
6c6983ef-7383-4989-9183-32b1a300d17a,c0c3c95d-43c3-4e30-9ce7-0519d0473911,VISl,0.09000000000000001,0.14,0.05,0.01,5,0,0.11500000000000002,635,57,138.0,141.0,0.6617328521116245,0.6094241475737374,0.05263157894736842,0.017543859649122806,3.0,57.0,0.0001999600079984003,ok,57
1ec23a70-b94b-4e9c-a0df-8c2151da3761,91fb4ed3-ee27-4d7e-ba5d-f61202ed9884,VISl,0.04,0.09,0.05,0.01,0,0,0.065,1193,240,262.0,269.0,0.048956562123332804,0.03472154419689278,0.0125,0.004166666666666667,3.0,240.0,0.04939012197560488,ok,240
1ec23a70-b94b-4e9c-a0df-8c2151da3761,91fb4ed3-ee27-4d7e-ba5d-f61202ed9884,VISl,0.05,0.1,0.05,0.01,1,0,0.07500000000000001,1193,239,262.0,269.0,0.03175454676667976,0.028325962592583354,0.012552301255230125,0.0041841004184100415,3.0,239.0,0.0615876824635073,ok,239
1ec23a70-b94b-4e9c-a0df-8c2151da3761,91fb4ed3-ee27-4d7e-ba5d-f61202ed9884,VISl,0.060000000000000005,0.11000000000000001,0.05,0.01,2,0,0.085,1193,235,262.0,269.0,0.05287623533483195,0.028229135554784315,0.01276595744680851,0.00425531914893617,3.0,235.0,0.06758648270345931,ok,235
1ec23a70-b94b-4e9c-a0df-8c2151da3761,91fb4ed3-ee27-4d7e-ba5d-f61202ed9884,VISl,0.07,0.12000000000000001,0.05,0.01,3,0,0.095,1193,237,262.0,269.0,0.06324981054168403,0.046110096372771255,0.012658227848101266,0.004219409282700422,3.0,237.0,0.026194761047790442,ok,237
1ec23a70-b94b-4e9c-a0df-8c2151da3761,91fb4ed3-ee27-4d7e-ba5d-f61202ed9884,VISl,0.08000000000000002,0.13,0.05,0.01,4,0,0.10500000000000001,1193,237,262.0,269.0,0.0959320849794135,0.06096134529664288,0.012658227848101266,0.004219409282700422,3.0,237.0,0.013597280543891222,ok,237
1ec23a70-b94b-4e9c-a0df-8c2151da3761,91fb4ed3-ee27-4d7e-ba5d-f61202ed9884,VISl,0.09000000000000001,0.14,0.05,0.01,5,0,0.11500000000000002,1193,236,262.0,269.0,0.13105823633496322,0.050375426346001166,0.012711864406779662,0.00423728813559322,3.0,236.0,0.01199760047990402,ok,236
fcd49e34-f07b-441c-b2ac-cb8c462ec5ac,ece878b9-830d-4618-b801-ad0e7d8e7085,VISl,0.04,0.09,0.05,0.01,0,0,0.065,1278,93,301.0,281.0,0.047658714043993855,0.03118352730364963,0.03225806451612903,0.010752688172043012,3.0,93.0,0.10097980403919216,ok,93
fcd49e34-f07b-441c-b2ac-cb8c462ec5ac,ece878b9-830d-4618-b801-ad0e7d8e7085,VISl,0.05,0.1,0.05,0.01,1,0,0.07500000000000001,1278,93,301.0,281.0,0.06612364137228866,0.05334627866615458,0.03225806451612903,0.010752688172043012,3.0,93.0,0.0595880823835233,ok,93
fcd49e34-f07b-441c-b2ac-cb8c462ec5ac,ece878b9-830d-4618-b801-ad0e7d8e7085,VISl,0.060000000000000005,0.11000000000000001,0.05,0.01,2,0,0.085,1278,92,301.0,281.0,0.11331096912646241,0.03690806550982976,0.03260869565217391,0.010869565217391304,3.0,92.0,0.1241751649670066,ok,92
fcd49e34-f07b-441c-b2ac-cb8c462ec5ac,ece878b9-830d-4618-b801-ad0e7d8e7085,VISl,0.07,0.12000000000000001,0.05,0.01,3,0,0.095,1278,92,301.0,281.0,0.1366395962819843,0.041717088086803314,0.03260869565217391,0.010869565217391304,3.0,92.0,0.13177364527094582,ok,92
fcd49e34-f07b-441c-b2ac-cb8c462ec5ac,ece878b9-830d-4618-b801-ad0e7d8e7085,VISl,0.08000000000000002,0.13,0.05,0.01,4,0,0.10500000000000001,1278,94,301.0,281.0,0.11811441520780669,0.08451188492350237,0.031914893617021274,0.010638297872340425,3.0,94.0,0.046590681863627276,ok,94
fcd49e34-f07b-441c-b2ac-cb8c462ec5ac,ece878b9-830d-4618-b801-ad0e7d8e7085,VISl,0.09000000000000001,0.14,0.05,0.01,5,0,0.11500000000000002,1278,94,301.0,281.0,0.1529869632154456,0.10271341224857619,0.031914893617021274,0.010638297872340425,3.0,94.0,0.04359128174365127,ok,94
35ed605c-1a1a-47b1-86ff-2b56144f55af,85bdeae3-269b-4e39-bd9b-2b0d95aff2fa,VISl,0.04,0.09,0.05,0.01,0,0,0.065,522,318,123.0,121.0,0.053797868906674325,0.04095991464624013,0.009433962264150943,0.0031446540880503146,3.0,318.0,0.11677664467106579,ok,318
35ed605c-1a1a-47b1-86ff-2b56144f55af,85bdeae3-269b-4e39-bd9b-2b0d95aff2fa,VISl,0.05,0.1,0.05,0.01,1,0,0.07500000000000001,522,320,123.0,121.0,0.04988774476125276,0.04868414450892461,0.009375,0.003125,3.0,320.0,0.02299540091981604,ok,320
35ed605c-1a1a-47b1-86ff-2b56144f55af,85bdeae3-269b-4e39-bd9b-2b0d95aff2fa,VISl,0.060000000000000005,0.11000000000000001,0.05,0.01,2,0,0.085,522,317,123.0,121.0,0.04420228549348406,0.03224393623964101,0.00946372239747634,0.0031545741324921135,3.0,317.0,0.04059188162367527,ok,317
35ed605c-1a1a-47b1-86ff-2b56144f55af,85bdeae3-269b-4e39-bd9b-2b0d95aff2fa,VISl,0.07,0.12000000000000001,0.05,0.01,3,0,0.095,522,320,123.0,121.0,0.1014015294890647,0.03569342724729856,0.009375,0.003125,3.0,320.0,0.01279744051189762,ok,320
35ed605c-1a1a-47b1-86ff-2b56144f55af,85bdeae3-269b-4e39-bd9b-2b0d95aff2fa,VISl,0.08000000000000002,0.13,0.05,0.01,4,0,0.10500000000000001,522,323,123.0,121.0,0.18862255580093965,0.03413449420717882,0.009287925696594427,0.0030959752321981426,3.0,323.0,0.015396920615876825,ok,323
35ed605c-1a1a-47b1-86ff-2b56144f55af,85bdeae3-269b-4e39-bd9b-2b0d95aff2fa,VISl,0.09000000000000001,0.14,0.05,0.01,5,0,0.11500000000000002,522,323,123.0,121.0,0.3353256587932555,0.09643760179911934,0.009287925696594427,0.0030959752321981426,3.0,323.0,0.001799640071985603,ok,323
