eid,axis_key,axis_label,cond_a,cond_b,signed_a,signed_b,span,midpoint,category,cosine_global,sort_key,category_order
b9c205c3-feac-485b-a89d-afc96d9cb280,"((np.float64(0.0), np.float64(0.25)), (np.float64(0.0), np.float64(1.0)))","(0,0.25) vs (0,1)","(np.float64(0.0), np.float64(0.25))","(np.float64(0.0), np.float64(1.0))",-0.25,-1.0,0.75,-0.625,both_high,0.3686125408828356,"(-0.625, 0.75, '((np.float64(0.0), np.float64(0.25)), (np.float64(0.0), np.float64(1.0)))')",0
b9c205c3-feac-485b-a89d-afc96d9cb280,"((np.float64(0.0), np.float64(1.0)), (np.float64(0.25), np.float64(0.0)))","(0,1) vs (0.25,0)","(np.float64(0.0), np.float64(1.0))","(np.float64(0.25), np.float64(0.0))",-1.0,0.25,1.25,-0.375,both_high,0.22336000459292835,"(-0.375, 1.25, '((np.float64(0.0), np.float64(1.0)), (np.float64(0.25), np.float64(0.0)))')",0
b9c205c3-feac-485b-a89d-afc96d9cb280,"((np.float64(0.0), np.float64(0.25)), (np.float64(0.25), np.float64(0.0)))","(0,0.25) vs (0.25,0)","(np.float64(0.0), np.float64(0.25))","(np.float64(0.25), np.float64(0.0))",-0.25,0.25,0.5,0.0,both_high,0.6163311173566784,"(0.0, 0.5, '((np.float64(0.0), np.float64(0.25)), (np.float64(0.25), np.float64(0.0)))')",0
b9c205c3-feac-485b-a89d-afc96d9cb280,"((np.float64(0.0), np.float64(1.0)), (np.float64(1.0), np.float64(0.0)))","(0,1) vs (1,0)","(np.float64(0.0), np.float64(1.0))","(np.float64(1.0), np.float64(0.0))",-1.0,1.0,2.0,0.0,both_high,0.9999999999989999,"(0.0, 2.0, '((np.float64(0.0), np.float64(1.0)), (np.float64(1.0), np.float64(0.0)))')",0
b9c205c3-feac-485b-a89d-afc96d9cb280,"((np.float64(0.0), np.float64(0.25)), (np.float64(1.0), np.float64(0.0)))","(0,0.25) vs (1,0)","(np.float64(0.0), np.float64(0.25))","(np.float64(1.0), np.float64(0.0))",-0.25,1.0,1.25,0.375,both_high,0.7136175862078605,"(0.375, 1.25, '((np.float64(0.0), np.float64(0.25)), (np.float64(1.0), np.float64(0.0)))')",0
b9c205c3-feac-485b-a89d-afc96d9cb280,"((np.float64(0.25), np.float64(0.0)), (np.float64(1.0), np.float64(0.0)))","(0.25,0) vs (1,0)","(np.float64(0.25), np.float64(0.0))","(np.float64(1.0), np.float64(0.0))",0.25,1.0,0.75,0.625,both_high,0.7585051823388512,"(0.625, 0.75, '((np.float64(0.25), np.float64(0.0)), (np.float64(1.0), np.float64(0.0)))')",0
b9c205c3-feac-485b-a89d-afc96d9cb280,"((np.float64(0.0), np.float64(0.125)), (np.float64(0.0), np.float64(1.0)))","(0,0.125) vs (0,1)","(np.float64(0.0), np.float64(0.125))","(np.float64(0.0), np.float64(1.0))",-0.125,-1.0,0.875,-0.5625,one_high,0.3214533593391326,"(-0.5625, 0.875, '((np.float64(0.0), np.float64(0.125)), (np.float64(0.0), np.float64(1.0)))')",1
b9c205c3-feac-485b-a89d-afc96d9cb280,"((np.float64(0.0), np.float64(0.0625)), (np.float64(0.0), np.float64(1.0)))","(0,0.0625) vs (0,1)","(np.float64(0.0), np.float64(0.0625))","(np.float64(0.0), np.float64(1.0))",-0.0625,-1.0,0.9375,-0.53125,one_high,0.39983133659571785,"(-0.53125, 0.9375, '((np.float64(0.0), np.float64(0.0625)), (np.float64(0.0), np.float64(1.0)))')",1
b9c205c3-feac-485b-a89d-afc96d9cb280,"((np.float64(0.0), np.float64(0.0)), (np.float64(0.0), np.float64(1.0)))","(0,0) vs (0,1)","(np.float64(0.0), np.float64(0.0))","(np.float64(0.0), np.float64(1.0))",0.0,-1.0,1.0,-0.5,one_high,0.4032962545607567,"(-0.5, 1.0, '((np.float64(0.0), np.float64(0.0)), (np.float64(0.0), np.float64(1.0)))')",1
b9c205c3-feac-485b-a89d-afc96d9cb280,"((np.float64(0.0), np.float64(1.0)), (np.float64(0.0625), np.float64(0.0)))","(0,1) vs (0.0625,0)","(np.float64(0.0), np.float64(1.0))","(np.float64(0.0625), np.float64(0.0))",-1.0,0.0625,1.0625,-0.46875,one_high,0.3892508865688987,"(-0.46875, 1.0625, '((np.float64(0.0), np.float64(1.0)), (np.float64(0.0625), np.float64(0.0)))')",1
b9c205c3-feac-485b-a89d-afc96d9cb280,"((np.float64(0.0), np.float64(1.0)), (np.float64(0.125), np.float64(0.0)))","(0,1) vs (0.125,0)","(np.float64(0.0), np.float64(1.0))","(np.float64(0.125), np.float64(0.0))",-1.0,0.125,1.125,-0.4375,one_high,0.07873537907238445,"(-0.4375, 1.125, '((np.float64(0.0), np.float64(1.0)), (np.float64(0.125), np.float64(0.0)))')",1
b9c205c3-feac-485b-a89d-afc96d9cb280,"((np.float64(0.0), np.float64(0.125)), (np.float64(0.0), np.float64(0.25)))","(0,0.125) vs (0,0.25)","(np.float64(0.0), np.float64(0.125))","(np.float64(0.0), np.float64(0.25))",-0.125,-0.25,0.125,-0.1875,one_high,0.028477961015933112,"(-0.1875, 0.125, '((np.float64(0.0), np.float64(0.125)), (np.float64(0.0), np.float64(0.25)))')",1
b9c205c3-feac-485b-a89d-afc96d9cb280,"((np.float64(0.0), np.float64(0.0625)), (np.float64(0.0), np.float64(0.25)))","(0,0.0625) vs (0,0.25)","(np.float64(0.0), np.float64(0.0625))","(np.float64(0.0), np.float64(0.25))",-0.0625,-0.25,0.1875,-0.15625,one_high,0.38988026335057085,"(-0.15625, 0.1875, '((np.float64(0.0), np.float64(0.0625)), (np.float64(0.0), np.float64(0.25)))')",1
b9c205c3-feac-485b-a89d-afc96d9cb280,"((np.float64(0.0), np.float64(0.0)), (np.float64(0.0), np.float64(0.25)))","(0,0) vs (0,0.25)","(np.float64(0.0), np.float64(0.0))","(np.float64(0.0), np.float64(0.25))",0.0,-0.25,0.25,-0.125,one_high,0.4277985238579805,"(-0.125, 0.25, '((np.float64(0.0), np.float64(0.0)), (np.float64(0.0), np.float64(0.25)))')",1
b9c205c3-feac-485b-a89d-afc96d9cb280,"((np.float64(0.0), np.float64(0.25)), (np.float64(0.0625), np.float64(0.0)))","(0,0.25) vs (0.0625,0)","(np.float64(0.0), np.float64(0.25))","(np.float64(0.0625), np.float64(0.0))",-0.25,0.0625,0.3125,-0.09375,one_high,0.3909483867482607,"(-0.09375, 0.3125, '((np.float64(0.0), np.float64(0.25)), (np.float64(0.0625), np.float64(0.0)))')",1
b9c205c3-feac-485b-a89d-afc96d9cb280,"((np.float64(0.0), np.float64(0.25)), (np.float64(0.125), np.float64(0.0)))","(0,0.25) vs (0.125,0)","(np.float64(0.0), np.float64(0.25))","(np.float64(0.125), np.float64(0.0))",-0.25,0.125,0.375,-0.0625,one_high,0.8292553032985511,"(-0.0625, 0.375, '((np.float64(0.0), np.float64(0.25)), (np.float64(0.125), np.float64(0.0)))')",1
b9c205c3-feac-485b-a89d-afc96d9cb280,"((np.float64(0.0), np.float64(0.125)), (np.float64(0.25), np.float64(0.0)))","(0,0.125) vs (0.25,0)","(np.float64(0.0), np.float64(0.125))","(np.float64(0.25), np.float64(0.0))",-0.125,0.25,0.375,0.0625,one_high,0.5115972731096723,"(0.0625, 0.375, '((np.float64(0.0), np.float64(0.125)), (np.float64(0.25), np.float64(0.0)))')",1
b9c205c3-feac-485b-a89d-afc96d9cb280,"((np.float64(0.0), np.float64(0.0625)), (np.float64(0.25), np.float64(0.0)))","(0,0.0625) vs (0.25,0)","(np.float64(0.0), np.float64(0.0625))","(np.float64(0.25), np.float64(0.0))",-0.0625,0.25,0.3125,0.09375,one_high,0.5583127828615925,"(0.09375, 0.3125, '((np.float64(0.0), np.float64(0.0625)), (np.float64(0.25), np.float64(0.0)))')",1
b9c205c3-feac-485b-a89d-afc96d9cb280,"((np.float64(0.0), np.float64(0.0)), (np.float64(0.25), np.float64(0.0)))","(0,0) vs (0.25,0)","(np.float64(0.0), np.float64(0.0))","(np.float64(0.25), np.float64(0.0))",0.0,0.25,0.25,0.125,one_high,0.5285442866780736,"(0.125, 0.25, '((np.float64(0.0), np.float64(0.0)), (np.float64(0.25), np.float64(0.0)))')",1
b9c205c3-feac-485b-a89d-afc96d9cb280,"((np.float64(0.0625), np.float64(0.0)), (np.float64(0.25), np.float64(0.0)))","(0.0625,0) vs (0.25,0)","(np.float64(0.0625), np.float64(0.0))","(np.float64(0.25), np.float64(0.0))",0.0625,0.25,0.1875,0.15625,one_high,0.5514893202933754,"(0.15625, 0.1875, '((np.float64(0.0625), np.float64(0.0)), (np.float64(0.25), np.float64(0.0)))')",1
b9c205c3-feac-485b-a89d-afc96d9cb280,"((np.float64(0.125), np.float64(0.0)), (np.float64(0.25), np.float64(0.0)))","(0.125,0) vs (0.25,0)","(np.float64(0.125), np.float64(0.0))","(np.float64(0.25), np.float64(0.0))",0.125,0.25,0.125,0.1875,one_high,0.04568358177963379,"(0.1875, 0.125, '((np.float64(0.125), np.float64(0.0)), (np.float64(0.25), np.float64(0.0)))')",1
b9c205c3-feac-485b-a89d-afc96d9cb280,"((np.float64(0.0), np.float64(0.125)), (np.float64(1.0), np.float64(0.0)))","(0,0.125) vs (1,0)","(np.float64(0.0), np.float64(0.125))","(np.float64(1.0), np.float64(0.0))",-0.125,1.0,1.125,0.4375,one_high,0.6625351225709504,"(0.4375, 1.125, '((np.float64(0.0), np.float64(0.125)), (np.float64(1.0), np.float64(0.0)))')",1
b9c205c3-feac-485b-a89d-afc96d9cb280,"((np.float64(0.0), np.float64(0.0625)), (np.float64(1.0), np.float64(0.0)))","(0,0.0625) vs (1,0)","(np.float64(0.0), np.float64(0.0625))","(np.float64(1.0), np.float64(0.0))",-0.0625,1.0,1.0625,0.46875,one_high,0.6657382649604618,"(0.46875, 1.0625, '((np.float64(0.0), np.float64(0.0625)), (np.float64(1.0), np.float64(0.0)))')",1
b9c205c3-feac-485b-a89d-afc96d9cb280,"((np.float64(0.0), np.float64(0.0)), (np.float64(1.0), np.float64(0.0)))","(0,0) vs (1,0)","(np.float64(0.0), np.float64(0.0))","(np.float64(1.0), np.float64(0.0))",0.0,1.0,1.0,0.5,one_high,0.6240338871121776,"(0.5, 1.0, '((np.float64(0.0), np.float64(0.0)), (np.float64(1.0), np.float64(0.0)))')",1
b9c205c3-feac-485b-a89d-afc96d9cb280,"((np.float64(0.0625), np.float64(0.0)), (np.float64(1.0), np.float64(0.0)))","(0.0625,0) vs (1,0)","(np.float64(0.0625), np.float64(0.0))","(np.float64(1.0), np.float64(0.0))",0.0625,1.0,0.9375,0.53125,one_high,0.654207852375936,"(0.53125, 0.9375, '((np.float64(0.0625), np.float64(0.0)), (np.float64(1.0), np.float64(0.0)))')",1
b9c205c3-feac-485b-a89d-afc96d9cb280,"((np.float64(0.125), np.float64(0.0)), (np.float64(1.0), np.float64(0.0)))","(0.125,0) vs (1,0)","(np.float64(0.125), np.float64(0.0))","(np.float64(1.0), np.float64(0.0))",0.125,1.0,0.875,0.5625,one_high,0.5064968627765719,"(0.5625, 0.875, '((np.float64(0.125), np.float64(0.0)), (np.float64(1.0), np.float64(0.0)))')",1
b9c205c3-feac-485b-a89d-afc96d9cb280,"((np.float64(0.0), np.float64(0.0625)), (np.float64(0.0), np.float64(0.125)))","(0,0.0625) vs (0,0.125)","(np.float64(0.0), np.float64(0.0625))","(np.float64(0.0), np.float64(0.125))",-0.0625,-0.125,0.0625,-0.09375,neither_high,0.5833381523707744,"(-0.09375, 0.0625, '((np.float64(0.0), np.float64(0.0625)), (np.float64(0.0), np.float64(0.125)))')",2
b9c205c3-feac-485b-a89d-afc96d9cb280,"((np.float64(0.0), np.float64(0.0)), (np.float64(0.0), np.float64(0.125)))","(0,0) vs (0,0.125)","(np.float64(0.0), np.float64(0.0))","(np.float64(0.0), np.float64(0.125))",0.0,-0.125,0.125,-0.0625,neither_high,0.4872140593015246,"(-0.0625, 0.125, '((np.float64(0.0), np.float64(0.0)), (np.float64(0.0), np.float64(0.125)))')",2
b9c205c3-feac-485b-a89d-afc96d9cb280,"((np.float64(0.0), np.float64(0.0)), (np.float64(0.0), np.float64(0.0625)))","(0,0) vs (0,0.0625)","(np.float64(0.0), np.float64(0.0))","(np.float64(0.0), np.float64(0.0625))",0.0,-0.0625,0.0625,-0.03125,neither_high,0.36956539956183454,"(-0.03125, 0.0625, '((np.float64(0.0), np.float64(0.0)), (np.float64(0.0), np.float64(0.0625)))')",2
b9c205c3-feac-485b-a89d-afc96d9cb280,"((np.float64(0.0), np.float64(0.125)), (np.float64(0.0625), np.float64(0.0)))","(0,0.125) vs (0.0625,0)","(np.float64(0.0), np.float64(0.125))","(np.float64(0.0625), np.float64(0.0))",-0.125,0.0625,0.1875,-0.03125,neither_high,0.5397409032424765,"(-0.03125, 0.1875, '((np.float64(0.0), np.float64(0.125)), (np.float64(0.0625), np.float64(0.0)))')",2
b9c205c3-feac-485b-a89d-afc96d9cb280,"((np.float64(0.0), np.float64(0.0625)), (np.float64(0.0625), np.float64(0.0)))","(0,0.0625) vs (0.0625,0)","(np.float64(0.0), np.float64(0.0625))","(np.float64(0.0625), np.float64(0.0))",-0.0625,0.0625,0.125,0.0,neither_high,0.003927499650418148,"(0.0, 0.125, '((np.float64(0.0), np.float64(0.0625)), (np.float64(0.0625), np.float64(0.0)))')",2
b9c205c3-feac-485b-a89d-afc96d9cb280,"((np.float64(0.0), np.float64(0.125)), (np.float64(0.125), np.float64(0.0)))","(0,0.125) vs (0.125,0)","(np.float64(0.0), np.float64(0.125))","(np.float64(0.125), np.float64(0.0))",-0.125,0.125,0.25,0.0,neither_high,0.853354826701842,"(0.0, 0.25, '((np.float64(0.0), np.float64(0.125)), (np.float64(0.125), np.float64(0.0)))')",2
b9c205c3-feac-485b-a89d-afc96d9cb280,"((np.float64(0.0), np.float64(0.0)), (np.float64(0.0625), np.float64(0.0)))","(0,0) vs (0.0625,0)","(np.float64(0.0), np.float64(0.0))","(np.float64(0.0625), np.float64(0.0))",0.0,0.0625,0.0625,0.03125,neither_high,0.3807357504476475,"(0.03125, 0.0625, '((np.float64(0.0), np.float64(0.0)), (np.float64(0.0625), np.float64(0.0)))')",2
b9c205c3-feac-485b-a89d-afc96d9cb280,"((np.float64(0.0), np.float64(0.0625)), (np.float64(0.125), np.float64(0.0)))","(0,0.0625) vs (0.125,0)","(np.float64(0.0), np.float64(0.0625))","(np.float64(0.125), np.float64(0.0))",-0.0625,0.125,0.1875,0.03125,neither_high,0.7847185734875556,"(0.03125, 0.1875, '((np.float64(0.0), np.float64(0.0625)), (np.float64(0.125), np.float64(0.0)))')",2
b9c205c3-feac-485b-a89d-afc96d9cb280,"((np.float64(0.0), np.float64(0.0)), (np.float64(0.125), np.float64(0.0)))","(0,0) vs (0.125,0)","(np.float64(0.0), np.float64(0.0))","(np.float64(0.125), np.float64(0.0))",0.0,0.125,0.125,0.0625,neither_high,0.6786338559809483,"(0.0625, 0.125, '((np.float64(0.0), np.float64(0.0)), (np.float64(0.125), np.float64(0.0)))')",2
b9c205c3-feac-485b-a89d-afc96d9cb280,"((np.float64(0.0625), np.float64(0.0)), (np.float64(0.125), np.float64(0.0)))","(0.0625,0) vs (0.125,0)","(np.float64(0.0625), np.float64(0.0))","(np.float64(0.125), np.float64(0.0))",0.0625,0.125,0.0625,0.09375,neither_high,0.7658355188968752,"(0.09375, 0.0625, '((np.float64(0.0625), np.float64(0.0)), (np.float64(0.125), np.float64(0.0)))')",2
e1931de1-cf7b-49af-af33-2ade15e8abe7,"((np.float64(0.0), np.float64(0.25)), (np.float64(0.0), np.float64(1.0)))","(0,0.25) vs (0,1)","(np.float64(0.0), np.float64(0.25))","(np.float64(0.0), np.float64(1.0))",-0.25,-1.0,0.75,-0.625,both_high,0.28782132576610736,"(-0.625, 0.75, '((np.float64(0.0), np.float64(0.25)), (np.float64(0.0), np.float64(1.0)))')",0
e1931de1-cf7b-49af-af33-2ade15e8abe7,"((np.float64(0.0), np.float64(1.0)), (np.float64(0.25), np.float64(0.0)))","(0,1) vs (0.25,0)","(np.float64(0.0), np.float64(1.0))","(np.float64(0.25), np.float64(0.0))",-1.0,0.25,1.25,-0.375,both_high,0.25150111358720745,"(-0.375, 1.25, '((np.float64(0.0), np.float64(1.0)), (np.float64(0.25), np.float64(0.0)))')",0
e1931de1-cf7b-49af-af33-2ade15e8abe7,"((np.float64(0.0), np.float64(0.25)), (np.float64(0.25), np.float64(0.0)))","(0,0.25) vs (0.25,0)","(np.float64(0.0), np.float64(0.25))","(np.float64(0.25), np.float64(0.0))",-0.25,0.25,0.5,0.0,both_high,0.7213705354558643,"(0.0, 0.5, '((np.float64(0.0), np.float64(0.25)), (np.float64(0.25), np.float64(0.0)))')",0
e1931de1-cf7b-49af-af33-2ade15e8abe7,"((np.float64(0.0), np.float64(1.0)), (np.float64(1.0), np.float64(0.0)))","(0,1) vs (1,0)","(np.float64(0.0), np.float64(1.0))","(np.float64(1.0), np.float64(0.0))",-1.0,1.0,2.0,0.0,both_high,0.9999999999989999,"(0.0, 2.0, '((np.float64(0.0), np.float64(1.0)), (np.float64(1.0), np.float64(0.0)))')",0
e1931de1-cf7b-49af-af33-2ade15e8abe7,"((np.float64(0.0), np.float64(0.25)), (np.float64(1.0), np.float64(0.0)))","(0,0.25) vs (1,0)","(np.float64(0.0), np.float64(0.25))","(np.float64(1.0), np.float64(0.0))",-0.25,1.0,1.25,0.375,both_high,0.7750489007947226,"(0.375, 1.25, '((np.float64(0.0), np.float64(0.25)), (np.float64(1.0), np.float64(0.0)))')",0
e1931de1-cf7b-49af-af33-2ade15e8abe7,"((np.float64(0.25), np.float64(0.0)), (np.float64(1.0), np.float64(0.0)))","(0.25,0) vs (1,0)","(np.float64(0.25), np.float64(0.0))","(np.float64(1.0), np.float64(0.0))",0.25,1.0,0.75,0.625,both_high,0.6198639299933254,"(0.625, 0.75, '((np.float64(0.25), np.float64(0.0)), (np.float64(1.0), np.float64(0.0)))')",0
e1931de1-cf7b-49af-af33-2ade15e8abe7,"((np.float64(0.0), np.float64(0.125)), (np.float64(0.0), np.float64(1.0)))","(0,0.125) vs (0,1)","(np.float64(0.0), np.float64(0.125))","(np.float64(0.0), np.float64(1.0))",-0.125,-1.0,0.875,-0.5625,one_high,0.3548468318054385,"(-0.5625, 0.875, '((np.float64(0.0), np.float64(0.125)), (np.float64(0.0), np.float64(1.0)))')",1
e1931de1-cf7b-49af-af33-2ade15e8abe7,"((np.float64(0.0), np.float64(0.0625)), (np.float64(0.0), np.float64(1.0)))","(0,0.0625) vs (0,1)","(np.float64(0.0), np.float64(0.0625))","(np.float64(0.0), np.float64(1.0))",-0.0625,-1.0,0.9375,-0.53125,one_high,0.43939539659594007,"(-0.53125, 0.9375, '((np.float64(0.0), np.float64(0.0625)), (np.float64(0.0), np.float64(1.0)))')",1
e1931de1-cf7b-49af-af33-2ade15e8abe7,"((np.float64(0.0), np.float64(0.0)), (np.float64(0.0), np.float64(1.0)))","(0,0) vs (0,1)","(np.float64(0.0), np.float64(0.0))","(np.float64(0.0), np.float64(1.0))",0.0,-1.0,1.0,-0.5,one_high,0.40912918851625585,"(-0.5, 1.0, '((np.float64(0.0), np.float64(0.0)), (np.float64(0.0), np.float64(1.0)))')",1
e1931de1-cf7b-49af-af33-2ade15e8abe7,"((np.float64(0.0), np.float64(1.0)), (np.float64(0.0625), np.float64(0.0)))","(0,1) vs (0.0625,0)","(np.float64(0.0), np.float64(1.0))","(np.float64(0.0625), np.float64(0.0))",-1.0,0.0625,1.0625,-0.46875,one_high,0.3056396192300871,"(-0.46875, 1.0625, '((np.float64(0.0), np.float64(1.0)), (np.float64(0.0625), np.float64(0.0)))')",1
e1931de1-cf7b-49af-af33-2ade15e8abe7,"((np.float64(0.0), np.float64(1.0)), (np.float64(0.125), np.float64(0.0)))","(0,1) vs (0.125,0)","(np.float64(0.0), np.float64(1.0))","(np.float64(0.125), np.float64(0.0))",-1.0,0.125,1.125,-0.4375,one_high,0.09296237726063868,"(-0.4375, 1.125, '((np.float64(0.0), np.float64(1.0)), (np.float64(0.125), np.float64(0.0)))')",1
e1931de1-cf7b-49af-af33-2ade15e8abe7,"((np.float64(0.0), np.float64(0.125)), (np.float64(0.0), np.float64(0.25)))","(0,0.125) vs (0,0.25)","(np.float64(0.0), np.float64(0.125))","(np.float64(0.0), np.float64(0.25))",-0.125,-0.25,0.125,-0.1875,one_high,0.3949099397123858,"(-0.1875, 0.125, '((np.float64(0.0), np.float64(0.125)), (np.float64(0.0), np.float64(0.25)))')",1
e1931de1-cf7b-49af-af33-2ade15e8abe7,"((np.float64(0.0), np.float64(0.0625)), (np.float64(0.0), np.float64(0.25)))","(0,0.0625) vs (0,0.25)","(np.float64(0.0), np.float64(0.0625))","(np.float64(0.0), np.float64(0.25))",-0.0625,-0.25,0.1875,-0.15625,one_high,0.4999142537365904,"(-0.15625, 0.1875, '((np.float64(0.0), np.float64(0.0625)), (np.float64(0.0), np.float64(0.25)))')",1
e1931de1-cf7b-49af-af33-2ade15e8abe7,"((np.float64(0.0), np.float64(0.0)), (np.float64(0.0), np.float64(0.25)))","(0,0) vs (0,0.25)","(np.float64(0.0), np.float64(0.0))","(np.float64(0.0), np.float64(0.25))",0.0,-0.25,0.25,-0.125,one_high,0.4538287657218953,"(-0.125, 0.25, '((np.float64(0.0), np.float64(0.0)), (np.float64(0.0), np.float64(0.25)))')",1
e1931de1-cf7b-49af-af33-2ade15e8abe7,"((np.float64(0.0), np.float64(0.25)), (np.float64(0.0625), np.float64(0.0)))","(0,0.25) vs (0.0625,0)","(np.float64(0.0), np.float64(0.25))","(np.float64(0.0625), np.float64(0.0))",-0.25,0.0625,0.3125,-0.09375,one_high,0.3017048875265041,"(-0.09375, 0.3125, '((np.float64(0.0), np.float64(0.25)), (np.float64(0.0625), np.float64(0.0)))')",1
e1931de1-cf7b-49af-af33-2ade15e8abe7,"((np.float64(0.0), np.float64(0.25)), (np.float64(0.125), np.float64(0.0)))","(0,0.25) vs (0.125,0)","(np.float64(0.0), np.float64(0.25))","(np.float64(0.125), np.float64(0.0))",-0.25,0.125,0.375,-0.0625,one_high,0.40525043109178094,"(-0.0625, 0.375, '((np.float64(0.0), np.float64(0.25)), (np.float64(0.125), np.float64(0.0)))')",1
e1931de1-cf7b-49af-af33-2ade15e8abe7,"((np.float64(0.0), np.float64(0.125)), (np.float64(0.25), np.float64(0.0)))","(0,0.125) vs (0.25,0)","(np.float64(0.0), np.float64(0.125))","(np.float64(0.25), np.float64(0.0))",-0.125,0.25,0.375,0.0625,one_high,0.6209618452916715,"(0.0625, 0.375, '((np.float64(0.0), np.float64(0.125)), (np.float64(0.25), np.float64(0.0)))')",1
e1931de1-cf7b-49af-af33-2ade15e8abe7,"((np.float64(0.0), np.float64(0.0625)), (np.float64(0.25), np.float64(0.0)))","(0,0.0625) vs (0.25,0)","(np.float64(0.0), np.float64(0.0625))","(np.float64(0.25), np.float64(0.0))",-0.0625,0.25,0.3125,0.09375,one_high,0.618708823942973,"(0.09375, 0.3125, '((np.float64(0.0), np.float64(0.0625)), (np.float64(0.25), np.float64(0.0)))')",1
e1931de1-cf7b-49af-af33-2ade15e8abe7,"((np.float64(0.0), np.float64(0.0)), (np.float64(0.25), np.float64(0.0)))","(0,0) vs (0.25,0)","(np.float64(0.0), np.float64(0.0))","(np.float64(0.25), np.float64(0.0))",0.0,0.25,0.25,0.125,one_high,0.5873543822388009,"(0.125, 0.25, '((np.float64(0.0), np.float64(0.0)), (np.float64(0.25), np.float64(0.0)))')",1
e1931de1-cf7b-49af-af33-2ade15e8abe7,"((np.float64(0.0625), np.float64(0.0)), (np.float64(0.25), np.float64(0.0)))","(0.0625,0) vs (0.25,0)","(np.float64(0.0625), np.float64(0.0))","(np.float64(0.25), np.float64(0.0))",0.0625,0.25,0.1875,0.15625,one_high,0.5212629862713364,"(0.15625, 0.1875, '((np.float64(0.0625), np.float64(0.0)), (np.float64(0.25), np.float64(0.0)))')",1
e1931de1-cf7b-49af-af33-2ade15e8abe7,"((np.float64(0.125), np.float64(0.0)), (np.float64(0.25), np.float64(0.0)))","(0.125,0) vs (0.25,0)","(np.float64(0.125), np.float64(0.0))","(np.float64(0.25), np.float64(0.0))",0.125,0.25,0.125,0.1875,one_high,0.5997831952882892,"(0.1875, 0.125, '((np.float64(0.125), np.float64(0.0)), (np.float64(0.25), np.float64(0.0)))')",1
e1931de1-cf7b-49af-af33-2ade15e8abe7,"((np.float64(0.0), np.float64(0.125)), (np.float64(1.0), np.float64(0.0)))","(0,0.125) vs (1,0)","(np.float64(0.0), np.float64(0.125))","(np.float64(1.0), np.float64(0.0))",-0.125,1.0,1.125,0.4375,one_high,0.6489860565373691,"(0.4375, 1.125, '((np.float64(0.0), np.float64(0.125)), (np.float64(1.0), np.float64(0.0)))')",1
e1931de1-cf7b-49af-af33-2ade15e8abe7,"((np.float64(0.0), np.float64(0.0625)), (np.float64(1.0), np.float64(0.0)))","(0,0.0625) vs (1,0)","(np.float64(0.0), np.float64(0.0625))","(np.float64(1.0), np.float64(0.0))",-0.0625,1.0,1.0625,0.46875,one_high,0.6356786924591896,"(0.46875, 1.0625, '((np.float64(0.0), np.float64(0.0625)), (np.float64(1.0), np.float64(0.0)))')",1
e1931de1-cf7b-49af-af33-2ade15e8abe7,"((np.float64(0.0), np.float64(0.0)), (np.float64(1.0), np.float64(0.0)))","(0,0) vs (1,0)","(np.float64(0.0), np.float64(0.0))","(np.float64(1.0), np.float64(0.0))",0.0,1.0,1.0,0.5,one_high,0.6145196798774727,"(0.5, 1.0, '((np.float64(0.0), np.float64(0.0)), (np.float64(1.0), np.float64(0.0)))')",1
e1931de1-cf7b-49af-af33-2ade15e8abe7,"((np.float64(0.0625), np.float64(0.0)), (np.float64(1.0), np.float64(0.0)))","(0.0625,0) vs (1,0)","(np.float64(0.0625), np.float64(0.0))","(np.float64(1.0), np.float64(0.0))",0.0625,1.0,0.9375,0.53125,one_high,0.5752595207879981,"(0.53125, 0.9375, '((np.float64(0.0625), np.float64(0.0)), (np.float64(1.0), np.float64(0.0)))')",1
e1931de1-cf7b-49af-af33-2ade15e8abe7,"((np.float64(0.125), np.float64(0.0)), (np.float64(1.0), np.float64(0.0)))","(0.125,0) vs (1,0)","(np.float64(0.125), np.float64(0.0))","(np.float64(1.0), np.float64(0.0))",0.125,1.0,0.875,0.5625,one_high,0.6577113728008477,"(0.5625, 0.875, '((np.float64(0.125), np.float64(0.0)), (np.float64(1.0), np.float64(0.0)))')",1
e1931de1-cf7b-49af-af33-2ade15e8abe7,"((np.float64(0.0), np.float64(0.0625)), (np.float64(0.0), np.float64(0.125)))","(0,0.0625) vs (0,0.125)","(np.float64(0.0), np.float64(0.0625))","(np.float64(0.0), np.float64(0.125))",-0.0625,-0.125,0.0625,-0.09375,neither_high,0.5735411796981433,"(-0.09375, 0.0625, '((np.float64(0.0), np.float64(0.0625)), (np.float64(0.0), np.float64(0.125)))')",2
e1931de1-cf7b-49af-af33-2ade15e8abe7,"((np.float64(0.0), np.float64(0.0)), (np.float64(0.0), np.float64(0.125)))","(0,0) vs (0,0.125)","(np.float64(0.0), np.float64(0.0))","(np.float64(0.0), np.float64(0.125))",0.0,-0.125,0.125,-0.0625,neither_high,0.4855034827420735,"(-0.0625, 0.125, '((np.float64(0.0), np.float64(0.0)), (np.float64(0.0), np.float64(0.125)))')",2
e1931de1-cf7b-49af-af33-2ade15e8abe7,"((np.float64(0.0), np.float64(0.0)), (np.float64(0.0), np.float64(0.0625)))","(0,0) vs (0,0.0625)","(np.float64(0.0), np.float64(0.0))","(np.float64(0.0), np.float64(0.0625))",0.0,-0.0625,0.0625,-0.03125,neither_high,0.31255080056918333,"(-0.03125, 0.0625, '((np.float64(0.0), np.float64(0.0)), (np.float64(0.0), np.float64(0.0625)))')",2
e1931de1-cf7b-49af-af33-2ade15e8abe7,"((np.float64(0.0), np.float64(0.125)), (np.float64(0.0625), np.float64(0.0)))","(0,0.125) vs (0.0625,0)","(np.float64(0.0), np.float64(0.125))","(np.float64(0.0625), np.float64(0.0))",-0.125,0.0625,0.1875,-0.03125,neither_high,0.05922706265522658,"(-0.03125, 0.1875, '((np.float64(0.0), np.float64(0.125)), (np.float64(0.0625), np.float64(0.0)))')",2
e1931de1-cf7b-49af-af33-2ade15e8abe7,"((np.float64(0.0), np.float64(0.0625)), (np.float64(0.0625), np.float64(0.0)))","(0,0.0625) vs (0.0625,0)","(np.float64(0.0), np.float64(0.0625))","(np.float64(0.0625), np.float64(0.0))",-0.0625,0.0625,0.125,0.0,neither_high,0.7652559790506656,"(0.0, 0.125, '((np.float64(0.0), np.float64(0.0625)), (np.float64(0.0625), np.float64(0.0)))')",2
e1931de1-cf7b-49af-af33-2ade15e8abe7,"((np.float64(0.0), np.float64(0.125)), (np.float64(0.125), np.float64(0.0)))","(0,0.125) vs (0.125,0)","(np.float64(0.0), np.float64(0.125))","(np.float64(0.125), np.float64(0.0))",-0.125,0.125,0.25,0.0,neither_high,0.5855625892126842,"(0.0, 0.25, '((np.float64(0.0), np.float64(0.125)), (np.float64(0.125), np.float64(0.0)))')",2
e1931de1-cf7b-49af-af33-2ade15e8abe7,"((np.float64(0.0), np.float64(0.0)), (np.float64(0.0625), np.float64(0.0)))","(0,0) vs (0.0625,0)","(np.float64(0.0), np.float64(0.0))","(np.float64(0.0625), np.float64(0.0))",0.0,0.0625,0.0625,0.03125,neither_high,0.7235120574578086,"(0.03125, 0.0625, '((np.float64(0.0), np.float64(0.0)), (np.float64(0.0625), np.float64(0.0)))')",2
e1931de1-cf7b-49af-af33-2ade15e8abe7,"((np.float64(0.0), np.float64(0.0625)), (np.float64(0.125), np.float64(0.0)))","(0,0.0625) vs (0.125,0)","(np.float64(0.0), np.float64(0.0625))","(np.float64(0.125), np.float64(0.0))",-0.0625,0.125,0.1875,0.03125,neither_high,0.599945801731891,"(0.03125, 0.1875, '((np.float64(0.0), np.float64(0.0625)), (np.float64(0.125), np.float64(0.0)))')",2
e1931de1-cf7b-49af-af33-2ade15e8abe7,"((np.float64(0.0), np.float64(0.0)), (np.float64(0.125), np.float64(0.0)))","(0,0) vs (0.125,0)","(np.float64(0.0), np.float64(0.0))","(np.float64(0.125), np.float64(0.0))",0.0,0.125,0.125,0.0625,neither_high,0.5593936745602438,"(0.0625, 0.125, '((np.float64(0.0), np.float64(0.0)), (np.float64(0.125), np.float64(0.0)))')",2
e1931de1-cf7b-49af-af33-2ade15e8abe7,"((np.float64(0.0625), np.float64(0.0)), (np.float64(0.125), np.float64(0.0)))","(0.0625,0) vs (0.125,0)","(np.float64(0.0625), np.float64(0.0))","(np.float64(0.125), np.float64(0.0))",0.0625,0.125,0.0625,0.09375,neither_high,0.45750355866886266,"(0.09375, 0.0625, '((np.float64(0.0625), np.float64(0.0)), (np.float64(0.125), np.float64(0.0)))')",2
07dc4b76-5b93-4a03-82a0-b3d9cc73f412,"((np.float64(0.0), np.float64(0.25)), (np.float64(0.0), np.float64(1.0)))","(0,0.25) vs (0,1)","(np.float64(0.0), np.float64(0.25))","(np.float64(0.0), np.float64(1.0))",-0.25,-1.0,0.75,-0.625,both_high,0.7334029258412563,"(-0.625, 0.75, '((np.float64(0.0), np.float64(0.25)), (np.float64(0.0), np.float64(1.0)))')",0
07dc4b76-5b93-4a03-82a0-b3d9cc73f412,"((np.float64(0.0), np.float64(1.0)), (np.float64(0.25), np.float64(0.0)))","(0,1) vs (0.25,0)","(np.float64(0.0), np.float64(1.0))","(np.float64(0.25), np.float64(0.0))",-1.0,0.25,1.25,-0.375,both_high,0.9338103491868297,"(-0.375, 1.25, '((np.float64(0.0), np.float64(1.0)), (np.float64(0.25), np.float64(0.0)))')",0
07dc4b76-5b93-4a03-82a0-b3d9cc73f412,"((np.float64(0.0), np.float64(0.25)), (np.float64(0.25), np.float64(0.0)))","(0,0.25) vs (0.25,0)","(np.float64(0.0), np.float64(0.25))","(np.float64(0.25), np.float64(0.0))",-0.25,0.25,0.5,0.0,both_high,0.5305689396650759,"(0.0, 0.5, '((np.float64(0.0), np.float64(0.25)), (np.float64(0.25), np.float64(0.0)))')",0
07dc4b76-5b93-4a03-82a0-b3d9cc73f412,"((np.float64(0.0), np.float64(1.0)), (np.float64(1.0), np.float64(0.0)))","(0,1) vs (1,0)","(np.float64(0.0), np.float64(1.0))","(np.float64(1.0), np.float64(0.0))",-1.0,1.0,2.0,0.0,both_high,0.9999999999990002,"(0.0, 2.0, '((np.float64(0.0), np.float64(1.0)), (np.float64(1.0), np.float64(0.0)))')",0
07dc4b76-5b93-4a03-82a0-b3d9cc73f412,"((np.float64(0.0), np.float64(0.25)), (np.float64(1.0), np.float64(0.0)))","(0,0.25) vs (1,0)","(np.float64(0.0), np.float64(0.25))","(np.float64(1.0), np.float64(0.0))",-0.25,1.0,1.25,0.375,both_high,0.7053082483114649,"(0.375, 1.25, '((np.float64(0.0), np.float64(0.25)), (np.float64(1.0), np.float64(0.0)))')",0
07dc4b76-5b93-4a03-82a0-b3d9cc73f412,"((np.float64(0.25), np.float64(0.0)), (np.float64(1.0), np.float64(0.0)))","(0.25,0) vs (1,0)","(np.float64(0.25), np.float64(0.0))","(np.float64(1.0), np.float64(0.0))",0.25,1.0,0.75,0.625,both_high,0.5226135098584199,"(0.625, 0.75, '((np.float64(0.25), np.float64(0.0)), (np.float64(1.0), np.float64(0.0)))')",0
07dc4b76-5b93-4a03-82a0-b3d9cc73f412,"((np.float64(0.0), np.float64(0.125)), (np.float64(0.0), np.float64(1.0)))","(0,0.125) vs (0,1)","(np.float64(0.0), np.float64(0.125))","(np.float64(0.0), np.float64(1.0))",-0.125,-1.0,0.875,-0.5625,one_high,0.5249232941595351,"(-0.5625, 0.875, '((np.float64(0.0), np.float64(0.125)), (np.float64(0.0), np.float64(1.0)))')",1
07dc4b76-5b93-4a03-82a0-b3d9cc73f412,"((np.float64(0.0), np.float64(0.0625)), (np.float64(0.0), np.float64(1.0)))","(0,0.0625) vs (0,1)","(np.float64(0.0), np.float64(0.0625))","(np.float64(0.0), np.float64(1.0))",-0.0625,-1.0,0.9375,-0.53125,one_high,0.38806898852330035,"(-0.53125, 0.9375, '((np.float64(0.0), np.float64(0.0625)), (np.float64(0.0), np.float64(1.0)))')",1
07dc4b76-5b93-4a03-82a0-b3d9cc73f412,"((np.float64(0.0), np.float64(0.0)), (np.float64(0.0), np.float64(1.0)))","(0,0) vs (0,1)","(np.float64(0.0), np.float64(0.0))","(np.float64(0.0), np.float64(1.0))",0.0,-1.0,1.0,-0.5,one_high,0.7103173445790373,"(-0.5, 1.0, '((np.float64(0.0), np.float64(0.0)), (np.float64(0.0), np.float64(1.0)))')",1
07dc4b76-5b93-4a03-82a0-b3d9cc73f412,"((np.float64(0.0), np.float64(1.0)), (np.float64(0.0625), np.float64(0.0)))","(0,1) vs (0.0625,0)","(np.float64(0.0), np.float64(1.0))","(np.float64(0.0625), np.float64(0.0))",-1.0,0.0625,1.0625,-0.46875,one_high,0.84645624314573,"(-0.46875, 1.0625, '((np.float64(0.0), np.float64(1.0)), (np.float64(0.0625), np.float64(0.0)))')",1
07dc4b76-5b93-4a03-82a0-b3d9cc73f412,"((np.float64(0.0), np.float64(1.0)), (np.float64(0.125), np.float64(0.0)))","(0,1) vs (0.125,0)","(np.float64(0.0), np.float64(1.0))","(np.float64(0.125), np.float64(0.0))",-1.0,0.125,1.125,-0.4375,one_high,0.8626159207686666,"(-0.4375, 1.125, '((np.float64(0.0), np.float64(1.0)), (np.float64(0.125), np.float64(0.0)))')",1
07dc4b76-5b93-4a03-82a0-b3d9cc73f412,"((np.float64(0.0), np.float64(0.125)), (np.float64(0.0), np.float64(0.25)))","(0,0.125) vs (0,0.25)","(np.float64(0.0), np.float64(0.125))","(np.float64(0.0), np.float64(0.25))",-0.125,-0.25,0.125,-0.1875,one_high,0.2265022805957381,"(-0.1875, 0.125, '((np.float64(0.0), np.float64(0.125)), (np.float64(0.0), np.float64(0.25)))')",1
07dc4b76-5b93-4a03-82a0-b3d9cc73f412,"((np.float64(0.0), np.float64(0.0625)), (np.float64(0.0), np.float64(0.25)))","(0,0.0625) vs (0,0.25)","(np.float64(0.0), np.float64(0.0625))","(np.float64(0.0), np.float64(0.25))",-0.0625,-0.25,0.1875,-0.15625,one_high,0.0744699192487596,"(-0.15625, 0.1875, '((np.float64(0.0), np.float64(0.0625)), (np.float64(0.0), np.float64(0.25)))')",1
07dc4b76-5b93-4a03-82a0-b3d9cc73f412,"((np.float64(0.0), np.float64(0.0)), (np.float64(0.0), np.float64(0.25)))","(0,0) vs (0,0.25)","(np.float64(0.0), np.float64(0.0))","(np.float64(0.0), np.float64(0.25))",0.0,-0.25,0.25,-0.125,one_high,0.5493462989972696,"(-0.125, 0.25, '((np.float64(0.0), np.float64(0.0)), (np.float64(0.0), np.float64(0.25)))')",1
07dc4b76-5b93-4a03-82a0-b3d9cc73f412,"((np.float64(0.0), np.float64(0.25)), (np.float64(0.0625), np.float64(0.0)))","(0,0.25) vs (0.0625,0)","(np.float64(0.0), np.float64(0.25))","(np.float64(0.0625), np.float64(0.0))",-0.25,0.0625,0.3125,-0.09375,one_high,0.21458134527432526,"(-0.09375, 0.3125, '((np.float64(0.0), np.float64(0.25)), (np.float64(0.0625), np.float64(0.0)))')",1
07dc4b76-5b93-4a03-82a0-b3d9cc73f412,"((np.float64(0.0), np.float64(0.25)), (np.float64(0.125), np.float64(0.0)))","(0,0.25) vs (0.125,0)","(np.float64(0.0), np.float64(0.25))","(np.float64(0.125), np.float64(0.0))",-0.25,0.125,0.375,-0.0625,one_high,0.664510806389824,"(-0.0625, 0.375, '((np.float64(0.0), np.float64(0.25)), (np.float64(0.125), np.float64(0.0)))')",1
07dc4b76-5b93-4a03-82a0-b3d9cc73f412,"((np.float64(0.0), np.float64(0.125)), (np.float64(0.25), np.float64(0.0)))","(0,0.125) vs (0.25,0)","(np.float64(0.0), np.float64(0.125))","(np.float64(0.25), np.float64(0.0))",-0.125,0.25,0.375,0.0625,one_high,0.08744677199482347,"(0.0625, 0.375, '((np.float64(0.0), np.float64(0.125)), (np.float64(0.25), np.float64(0.0)))')",1
07dc4b76-5b93-4a03-82a0-b3d9cc73f412,"((np.float64(0.0), np.float64(0.0625)), (np.float64(0.25), np.float64(0.0)))","(0,0.0625) vs (0.25,0)","(np.float64(0.0), np.float64(0.0625))","(np.float64(0.25), np.float64(0.0))",-0.0625,0.25,0.3125,0.09375,one_high,0.1432268205192769,"(0.09375, 0.3125, '((np.float64(0.0), np.float64(0.0625)), (np.float64(0.25), np.float64(0.0)))')",1
07dc4b76-5b93-4a03-82a0-b3d9cc73f412,"((np.float64(0.0), np.float64(0.0)), (np.float64(0.25), np.float64(0.0)))","(0,0) vs (0.25,0)","(np.float64(0.0), np.float64(0.0))","(np.float64(0.25), np.float64(0.0))",0.0,0.25,0.25,0.125,one_high,0.1651926150815093,"(0.125, 0.25, '((np.float64(0.0), np.float64(0.0)), (np.float64(0.25), np.float64(0.0)))')",1
07dc4b76-5b93-4a03-82a0-b3d9cc73f412,"((np.float64(0.0625), np.float64(0.0)), (np.float64(0.25), np.float64(0.0)))","(0.0625,0) vs (0.25,0)","(np.float64(0.0625), np.float64(0.0))","(np.float64(0.25), np.float64(0.0))",0.0625,0.25,0.1875,0.15625,one_high,0.4077542242257954,"(0.15625, 0.1875, '((np.float64(0.0625), np.float64(0.0)), (np.float64(0.25), np.float64(0.0)))')",1
07dc4b76-5b93-4a03-82a0-b3d9cc73f412,"((np.float64(0.125), np.float64(0.0)), (np.float64(0.25), np.float64(0.0)))","(0.125,0) vs (0.25,0)","(np.float64(0.125), np.float64(0.0))","(np.float64(0.25), np.float64(0.0))",0.125,0.25,0.125,0.1875,one_high,0.05550521288347421,"(0.1875, 0.125, '((np.float64(0.125), np.float64(0.0)), (np.float64(0.25), np.float64(0.0)))')",1
07dc4b76-5b93-4a03-82a0-b3d9cc73f412,"((np.float64(0.0), np.float64(0.125)), (np.float64(1.0), np.float64(0.0)))","(0,0.125) vs (1,0)","(np.float64(0.0), np.float64(0.125))","(np.float64(1.0), np.float64(0.0))",-0.125,1.0,1.125,0.4375,one_high,0.23995217260101237,"(0.4375, 1.125, '((np.float64(0.0), np.float64(0.125)), (np.float64(1.0), np.float64(0.0)))')",1
07dc4b76-5b93-4a03-82a0-b3d9cc73f412,"((np.float64(0.0), np.float64(0.0625)), (np.float64(1.0), np.float64(0.0)))","(0,0.0625) vs (1,0)","(np.float64(0.0), np.float64(0.0625))","(np.float64(1.0), np.float64(0.0))",-0.0625,1.0,1.0625,0.46875,one_high,0.2629749567866729,"(0.46875, 1.0625, '((np.float64(0.0), np.float64(0.0625)), (np.float64(1.0), np.float64(0.0)))')",1
07dc4b76-5b93-4a03-82a0-b3d9cc73f412,"((np.float64(0.0), np.float64(0.0)), (np.float64(1.0), np.float64(0.0)))","(0,0) vs (1,0)","(np.float64(0.0), np.float64(0.0))","(np.float64(1.0), np.float64(0.0))",0.0,1.0,1.0,0.5,one_high,0.043759221234075,"(0.5, 1.0, '((np.float64(0.0), np.float64(0.0)), (np.float64(1.0), np.float64(0.0)))')",1
07dc4b76-5b93-4a03-82a0-b3d9cc73f412,"((np.float64(0.0625), np.float64(0.0)), (np.float64(1.0), np.float64(0.0)))","(0.0625,0) vs (1,0)","(np.float64(0.0625), np.float64(0.0))","(np.float64(1.0), np.float64(0.0))",0.0625,1.0,0.9375,0.53125,one_high,0.6690417546901927,"(0.53125, 0.9375, '((np.float64(0.0625), np.float64(0.0)), (np.float64(1.0), np.float64(0.0)))')",1
07dc4b76-5b93-4a03-82a0-b3d9cc73f412,"((np.float64(0.125), np.float64(0.0)), (np.float64(1.0), np.float64(0.0)))","(0.125,0) vs (1,0)","(np.float64(0.125), np.float64(0.0))","(np.float64(1.0), np.float64(0.0))",0.125,1.0,0.875,0.5625,one_high,0.328246945121057,"(0.5625, 0.875, '((np.float64(0.125), np.float64(0.0)), (np.float64(1.0), np.float64(0.0)))')",1
07dc4b76-5b93-4a03-82a0-b3d9cc73f412,"((np.float64(0.0), np.float64(0.0625)), (np.float64(0.0), np.float64(0.125)))","(0,0.0625) vs (0,0.125)","(np.float64(0.0), np.float64(0.0625))","(np.float64(0.0), np.float64(0.125))",-0.0625,-0.125,0.0625,-0.09375,neither_high,0.23688420729903942,"(-0.09375, 0.0625, '((np.float64(0.0), np.float64(0.0625)), (np.float64(0.0), np.float64(0.125)))')",2
07dc4b76-5b93-4a03-82a0-b3d9cc73f412,"((np.float64(0.0), np.float64(0.0)), (np.float64(0.0), np.float64(0.125)))","(0,0) vs (0,0.125)","(np.float64(0.0), np.float64(0.0))","(np.float64(0.0), np.float64(0.125))",0.0,-0.125,0.125,-0.0625,neither_high,0.49924549504194216,"(-0.0625, 0.125, '((np.float64(0.0), np.float64(0.0)), (np.float64(0.0), np.float64(0.125)))')",2
07dc4b76-5b93-4a03-82a0-b3d9cc73f412,"((np.float64(0.0), np.float64(0.0)), (np.float64(0.0), np.float64(0.0625)))","(0,0) vs (0,0.0625)","(np.float64(0.0), np.float64(0.0))","(np.float64(0.0), np.float64(0.0625))",0.0,-0.0625,0.0625,-0.03125,neither_high,0.42201564144580184,"(-0.03125, 0.0625, '((np.float64(0.0), np.float64(0.0)), (np.float64(0.0), np.float64(0.0625)))')",2
07dc4b76-5b93-4a03-82a0-b3d9cc73f412,"((np.float64(0.0), np.float64(0.125)), (np.float64(0.0625), np.float64(0.0)))","(0,0.125) vs (0.0625,0)","(np.float64(0.0), np.float64(0.125))","(np.float64(0.0625), np.float64(0.0))",-0.125,0.0625,0.1875,-0.03125,neither_high,0.0662212628362643,"(-0.03125, 0.1875, '((np.float64(0.0), np.float64(0.125)), (np.float64(0.0625), np.float64(0.0)))')",2
07dc4b76-5b93-4a03-82a0-b3d9cc73f412,"((np.float64(0.0), np.float64(0.0625)), (np.float64(0.0625), np.float64(0.0)))","(0,0.0625) vs (0.0625,0)","(np.float64(0.0), np.float64(0.0625))","(np.float64(0.0625), np.float64(0.0))",-0.0625,0.0625,0.125,0.0,neither_high,0.02171749653183861,"(0.0, 0.125, '((np.float64(0.0), np.float64(0.0625)), (np.float64(0.0625), np.float64(0.0)))')",2
07dc4b76-5b93-4a03-82a0-b3d9cc73f412,"((np.float64(0.0), np.float64(0.125)), (np.float64(0.125), np.float64(0.0)))","(0,0.125) vs (0.125,0)","(np.float64(0.0), np.float64(0.125))","(np.float64(0.125), np.float64(0.0))",-0.125,0.125,0.25,0.0,neither_high,0.13000038582707396,"(0.0, 0.25, '((np.float64(0.0), np.float64(0.125)), (np.float64(0.125), np.float64(0.0)))')",2
07dc4b76-5b93-4a03-82a0-b3d9cc73f412,"((np.float64(0.0), np.float64(0.0)), (np.float64(0.0625), np.float64(0.0)))","(0,0) vs (0.0625,0)","(np.float64(0.0), np.float64(0.0))","(np.float64(0.0625), np.float64(0.0))",0.0,0.0625,0.0625,0.03125,neither_high,0.350474876126499,"(0.03125, 0.0625, '((np.float64(0.0), np.float64(0.0)), (np.float64(0.0625), np.float64(0.0)))')",2
07dc4b76-5b93-4a03-82a0-b3d9cc73f412,"((np.float64(0.0), np.float64(0.0625)), (np.float64(0.125), np.float64(0.0)))","(0,0.0625) vs (0.125,0)","(np.float64(0.0), np.float64(0.0625))","(np.float64(0.125), np.float64(0.0))",-0.0625,0.125,0.1875,0.03125,neither_high,0.18366172924315638,"(0.03125, 0.1875, '((np.float64(0.0), np.float64(0.0625)), (np.float64(0.125), np.float64(0.0)))')",2
07dc4b76-5b93-4a03-82a0-b3d9cc73f412,"((np.float64(0.0), np.float64(0.0)), (np.float64(0.125), np.float64(0.0)))","(0,0) vs (0.125,0)","(np.float64(0.0), np.float64(0.0))","(np.float64(0.125), np.float64(0.0))",0.0,0.125,0.125,0.0625,neither_high,0.16680852229139212,"(0.0625, 0.125, '((np.float64(0.0), np.float64(0.0)), (np.float64(0.125), np.float64(0.0)))')",2
07dc4b76-5b93-4a03-82a0-b3d9cc73f412,"((np.float64(0.0625), np.float64(0.0)), (np.float64(0.125), np.float64(0.0)))","(0.0625,0) vs (0.125,0)","(np.float64(0.0625), np.float64(0.0))","(np.float64(0.125), np.float64(0.0))",0.0625,0.125,0.0625,0.09375,neither_high,0.33336174019549114,"(0.09375, 0.0625, '((np.float64(0.0625), np.float64(0.0)), (np.float64(0.125), np.float64(0.0)))')",2
aa3432cd-62bd-40bc-bc1c-a12d53bcbdcf,"((np.float64(0.0), np.float64(0.25)), (np.float64(0.0), np.float64(1.0)))","(0,0.25) vs (0,1)","(np.float64(0.0), np.float64(0.25))","(np.float64(0.0), np.float64(1.0))",-0.25,-1.0,0.75,-0.625,both_high,0.013725176724199397,"(-0.625, 0.75, '((np.float64(0.0), np.float64(0.25)), (np.float64(0.0), np.float64(1.0)))')",0
aa3432cd-62bd-40bc-bc1c-a12d53bcbdcf,"((np.float64(0.0), np.float64(1.0)), (np.float64(0.25), np.float64(0.0)))","(0,1) vs (0.25,0)","(np.float64(0.0), np.float64(1.0))","(np.float64(0.25), np.float64(0.0))",-1.0,0.25,1.25,-0.375,both_high,0.19848957683972018,"(-0.375, 1.25, '((np.float64(0.0), np.float64(1.0)), (np.float64(0.25), np.float64(0.0)))')",0
aa3432cd-62bd-40bc-bc1c-a12d53bcbdcf,"((np.float64(0.0), np.float64(0.25)), (np.float64(0.25), np.float64(0.0)))","(0,0.25) vs (0.25,0)","(np.float64(0.0), np.float64(0.25))","(np.float64(0.25), np.float64(0.0))",-0.25,0.25,0.5,0.0,both_high,0.20019238073302473,"(0.0, 0.5, '((np.float64(0.0), np.float64(0.25)), (np.float64(0.25), np.float64(0.0)))')",0
aa3432cd-62bd-40bc-bc1c-a12d53bcbdcf,"((np.float64(0.0), np.float64(1.0)), (np.float64(1.0), np.float64(0.0)))","(0,1) vs (1,0)","(np.float64(0.0), np.float64(1.0))","(np.float64(1.0), np.float64(0.0))",-1.0,1.0,2.0,0.0,both_high,0.9999999999990001,"(0.0, 2.0, '((np.float64(0.0), np.float64(1.0)), (np.float64(1.0), np.float64(0.0)))')",0
aa3432cd-62bd-40bc-bc1c-a12d53bcbdcf,"((np.float64(0.0), np.float64(0.25)), (np.float64(1.0), np.float64(0.0)))","(0,0.25) vs (1,0)","(np.float64(0.0), np.float64(0.25))","(np.float64(1.0), np.float64(0.0))",-0.25,1.0,1.25,0.375,both_high,0.7153033870854212,"(0.375, 1.25, '((np.float64(0.0), np.float64(0.25)), (np.float64(1.0), np.float64(0.0)))')",0
aa3432cd-62bd-40bc-bc1c-a12d53bcbdcf,"((np.float64(0.25), np.float64(0.0)), (np.float64(1.0), np.float64(0.0)))","(0.25,0) vs (1,0)","(np.float64(0.25), np.float64(0.0))","(np.float64(1.0), np.float64(0.0))",0.25,1.0,0.75,0.625,both_high,0.679092485583976,"(0.625, 0.75, '((np.float64(0.25), np.float64(0.0)), (np.float64(1.0), np.float64(0.0)))')",0
aa3432cd-62bd-40bc-bc1c-a12d53bcbdcf,"((np.float64(0.0), np.float64(0.125)), (np.float64(0.0), np.float64(1.0)))","(0,0.125) vs (0,1)","(np.float64(0.0), np.float64(0.125))","(np.float64(0.0), np.float64(1.0))",-0.125,-1.0,0.875,-0.5625,one_high,0.30340408301116945,"(-0.5625, 0.875, '((np.float64(0.0), np.float64(0.125)), (np.float64(0.0), np.float64(1.0)))')",1
aa3432cd-62bd-40bc-bc1c-a12d53bcbdcf,"((np.float64(0.0), np.float64(0.0625)), (np.float64(0.0), np.float64(1.0)))","(0,0.0625) vs (0,1)","(np.float64(0.0), np.float64(0.0625))","(np.float64(0.0), np.float64(1.0))",-0.0625,-1.0,0.9375,-0.53125,one_high,0.12055769712002423,"(-0.53125, 0.9375, '((np.float64(0.0), np.float64(0.0625)), (np.float64(0.0), np.float64(1.0)))')",1
aa3432cd-62bd-40bc-bc1c-a12d53bcbdcf,"((np.float64(0.0), np.float64(0.0)), (np.float64(0.0), np.float64(1.0)))","(0,0) vs (0,1)","(np.float64(0.0), np.float64(0.0))","(np.float64(0.0), np.float64(1.0))",0.0,-1.0,1.0,-0.5,one_high,0.0760271734202739,"(-0.5, 1.0, '((np.float64(0.0), np.float64(0.0)), (np.float64(0.0), np.float64(1.0)))')",1
aa3432cd-62bd-40bc-bc1c-a12d53bcbdcf,"((np.float64(0.0), np.float64(1.0)), (np.float64(0.0625), np.float64(0.0)))","(0,1) vs (0.0625,0)","(np.float64(0.0), np.float64(1.0))","(np.float64(0.0625), np.float64(0.0))",-1.0,0.0625,1.0625,-0.46875,one_high,0.08679389869475077,"(-0.46875, 1.0625, '((np.float64(0.0), np.float64(1.0)), (np.float64(0.0625), np.float64(0.0)))')",1
aa3432cd-62bd-40bc-bc1c-a12d53bcbdcf,"((np.float64(0.0), np.float64(1.0)), (np.float64(0.125), np.float64(0.0)))","(0,1) vs (0.125,0)","(np.float64(0.0), np.float64(1.0))","(np.float64(0.125), np.float64(0.0))",-1.0,0.125,1.125,-0.4375,one_high,0.05022409268075031,"(-0.4375, 1.125, '((np.float64(0.0), np.float64(1.0)), (np.float64(0.125), np.float64(0.0)))')",1
aa3432cd-62bd-40bc-bc1c-a12d53bcbdcf,"((np.float64(0.0), np.float64(0.125)), (np.float64(0.0), np.float64(0.25)))","(0,0.125) vs (0,0.25)","(np.float64(0.0), np.float64(0.125))","(np.float64(0.0), np.float64(0.25))",-0.125,-0.25,0.125,-0.1875,one_high,0.5527875376880214,"(-0.1875, 0.125, '((np.float64(0.0), np.float64(0.125)), (np.float64(0.0), np.float64(0.25)))')",1
aa3432cd-62bd-40bc-bc1c-a12d53bcbdcf,"((np.float64(0.0), np.float64(0.0625)), (np.float64(0.0), np.float64(0.25)))","(0,0.0625) vs (0,0.25)","(np.float64(0.0), np.float64(0.0625))","(np.float64(0.0), np.float64(0.25))",-0.0625,-0.25,0.1875,-0.15625,one_high,0.24390710899756116,"(-0.15625, 0.1875, '((np.float64(0.0), np.float64(0.0625)), (np.float64(0.0), np.float64(0.25)))')",1
aa3432cd-62bd-40bc-bc1c-a12d53bcbdcf,"((np.float64(0.0), np.float64(0.0)), (np.float64(0.0), np.float64(0.25)))","(0,0) vs (0,0.25)","(np.float64(0.0), np.float64(0.0))","(np.float64(0.0), np.float64(0.25))",0.0,-0.25,0.25,-0.125,one_high,0.10647902351875675,"(-0.125, 0.25, '((np.float64(0.0), np.float64(0.0)), (np.float64(0.0), np.float64(0.25)))')",1
aa3432cd-62bd-40bc-bc1c-a12d53bcbdcf,"((np.float64(0.0), np.float64(0.25)), (np.float64(0.0625), np.float64(0.0)))","(0,0.25) vs (0.0625,0)","(np.float64(0.0), np.float64(0.25))","(np.float64(0.0625), np.float64(0.0))",-0.25,0.0625,0.3125,-0.09375,one_high,0.13059269295807335,"(-0.09375, 0.3125, '((np.float64(0.0), np.float64(0.25)), (np.float64(0.0625), np.float64(0.0)))')",1
aa3432cd-62bd-40bc-bc1c-a12d53bcbdcf,"((np.float64(0.0), np.float64(0.25)), (np.float64(0.125), np.float64(0.0)))","(0,0.25) vs (0.125,0)","(np.float64(0.0), np.float64(0.25))","(np.float64(0.125), np.float64(0.0))",-0.25,0.125,0.375,-0.0625,one_high,0.08867853907061266,"(-0.0625, 0.375, '((np.float64(0.0), np.float64(0.25)), (np.float64(0.125), np.float64(0.0)))')",1
aa3432cd-62bd-40bc-bc1c-a12d53bcbdcf,"((np.float64(0.0), np.float64(0.125)), (np.float64(0.25), np.float64(0.0)))","(0,0.125) vs (0.25,0)","(np.float64(0.0), np.float64(0.125))","(np.float64(0.25), np.float64(0.0))",-0.125,0.25,0.375,0.0625,one_high,0.22326724550859595,"(0.0625, 0.375, '((np.float64(0.0), np.float64(0.125)), (np.float64(0.25), np.float64(0.0)))')",1
aa3432cd-62bd-40bc-bc1c-a12d53bcbdcf,"((np.float64(0.0), np.float64(0.0625)), (np.float64(0.25), np.float64(0.0)))","(0,0.0625) vs (0.25,0)","(np.float64(0.0), np.float64(0.0625))","(np.float64(0.25), np.float64(0.0))",-0.0625,0.25,0.3125,0.09375,one_high,0.03603501934676025,"(0.09375, 0.3125, '((np.float64(0.0), np.float64(0.0625)), (np.float64(0.25), np.float64(0.0)))')",1
aa3432cd-62bd-40bc-bc1c-a12d53bcbdcf,"((np.float64(0.0), np.float64(0.0)), (np.float64(0.25), np.float64(0.0)))","(0,0) vs (0.25,0)","(np.float64(0.0), np.float64(0.0))","(np.float64(0.25), np.float64(0.0))",0.0,0.25,0.25,0.125,one_high,0.007132246118743112,"(0.125, 0.25, '((np.float64(0.0), np.float64(0.0)), (np.float64(0.25), np.float64(0.0)))')",1
aa3432cd-62bd-40bc-bc1c-a12d53bcbdcf,"((np.float64(0.0625), np.float64(0.0)), (np.float64(0.25), np.float64(0.0)))","(0.0625,0) vs (0.25,0)","(np.float64(0.0625), np.float64(0.0))","(np.float64(0.25), np.float64(0.0))",0.0625,0.25,0.1875,0.15625,one_high,0.006927894764507971,"(0.15625, 0.1875, '((np.float64(0.0625), np.float64(0.0)), (np.float64(0.25), np.float64(0.0)))')",1
aa3432cd-62bd-40bc-bc1c-a12d53bcbdcf,"((np.float64(0.125), np.float64(0.0)), (np.float64(0.25), np.float64(0.0)))","(0.125,0) vs (0.25,0)","(np.float64(0.125), np.float64(0.0))","(np.float64(0.25), np.float64(0.0))",0.125,0.25,0.125,0.1875,one_high,0.3809983179965037,"(0.1875, 0.125, '((np.float64(0.125), np.float64(0.0)), (np.float64(0.25), np.float64(0.0)))')",1
aa3432cd-62bd-40bc-bc1c-a12d53bcbdcf,"((np.float64(0.0), np.float64(0.125)), (np.float64(1.0), np.float64(0.0)))","(0,0.125) vs (1,0)","(np.float64(0.0), np.float64(0.125))","(np.float64(1.0), np.float64(0.0))",-0.125,1.0,1.125,0.4375,one_high,0.3109550489812915,"(0.4375, 1.125, '((np.float64(0.0), np.float64(0.125)), (np.float64(1.0), np.float64(0.0)))')",1
aa3432cd-62bd-40bc-bc1c-a12d53bcbdcf,"((np.float64(0.0), np.float64(0.0625)), (np.float64(1.0), np.float64(0.0)))","(0,0.0625) vs (1,0)","(np.float64(0.0), np.float64(0.0625))","(np.float64(1.0), np.float64(0.0))",-0.0625,1.0,1.0625,0.46875,one_high,0.5614106633450866,"(0.46875, 1.0625, '((np.float64(0.0), np.float64(0.0625)), (np.float64(1.0), np.float64(0.0)))')",1
aa3432cd-62bd-40bc-bc1c-a12d53bcbdcf,"((np.float64(0.0), np.float64(0.0)), (np.float64(1.0), np.float64(0.0)))","(0,0) vs (1,0)","(np.float64(0.0), np.float64(0.0))","(np.float64(1.0), np.float64(0.0))",0.0,1.0,1.0,0.5,one_high,0.3019502985454241,"(0.5, 1.0, '((np.float64(0.0), np.float64(0.0)), (np.float64(1.0), np.float64(0.0)))')",1
aa3432cd-62bd-40bc-bc1c-a12d53bcbdcf,"((np.float64(0.0625), np.float64(0.0)), (np.float64(1.0), np.float64(0.0)))","(0.0625,0) vs (1,0)","(np.float64(0.0625), np.float64(0.0))","(np.float64(1.0), np.float64(0.0))",0.0625,1.0,0.9375,0.53125,one_high,0.3910046602135539,"(0.53125, 0.9375, '((np.float64(0.0625), np.float64(0.0)), (np.float64(1.0), np.float64(0.0)))')",1
aa3432cd-62bd-40bc-bc1c-a12d53bcbdcf,"((np.float64(0.125), np.float64(0.0)), (np.float64(1.0), np.float64(0.0)))","(0.125,0) vs (1,0)","(np.float64(0.125), np.float64(0.0))","(np.float64(1.0), np.float64(0.0))",0.125,1.0,0.875,0.5625,one_high,0.6189098691172936,"(0.5625, 0.875, '((np.float64(0.125), np.float64(0.0)), (np.float64(1.0), np.float64(0.0)))')",1
aa3432cd-62bd-40bc-bc1c-a12d53bcbdcf,"((np.float64(0.0), np.float64(0.0625)), (np.float64(0.0), np.float64(0.125)))","(0,0.0625) vs (0,0.125)","(np.float64(0.0), np.float64(0.0625))","(np.float64(0.0), np.float64(0.125))",-0.0625,-0.125,0.0625,-0.09375,neither_high,0.4101790060078129,"(-0.09375, 0.0625, '((np.float64(0.0), np.float64(0.0625)), (np.float64(0.0), np.float64(0.125)))')",2
aa3432cd-62bd-40bc-bc1c-a12d53bcbdcf,"((np.float64(0.0), np.float64(0.0)), (np.float64(0.0), np.float64(0.125)))","(0,0) vs (0,0.125)","(np.float64(0.0), np.float64(0.0))","(np.float64(0.0), np.float64(0.125))",0.0,-0.125,0.125,-0.0625,neither_high,0.23404882323413656,"(-0.0625, 0.125, '((np.float64(0.0), np.float64(0.0)), (np.float64(0.0), np.float64(0.125)))')",2
aa3432cd-62bd-40bc-bc1c-a12d53bcbdcf,"((np.float64(0.0), np.float64(0.0)), (np.float64(0.0), np.float64(0.0625)))","(0,0) vs (0,0.0625)","(np.float64(0.0), np.float64(0.0))","(np.float64(0.0), np.float64(0.0625))",0.0,-0.0625,0.0625,-0.03125,neither_high,0.030474552623807705,"(-0.03125, 0.0625, '((np.float64(0.0), np.float64(0.0)), (np.float64(0.0), np.float64(0.0625)))')",2
aa3432cd-62bd-40bc-bc1c-a12d53bcbdcf,"((np.float64(0.0), np.float64(0.125)), (np.float64(0.0625), np.float64(0.0)))","(0,0.125) vs (0.0625,0)","(np.float64(0.0), np.float64(0.125))","(np.float64(0.0625), np.float64(0.0))",-0.125,0.0625,0.1875,-0.03125,neither_high,0.30919073542907344,"(-0.03125, 0.1875, '((np.float64(0.0), np.float64(0.125)), (np.float64(0.0625), np.float64(0.0)))')",2
aa3432cd-62bd-40bc-bc1c-a12d53bcbdcf,"((np.float64(0.0), np.float64(0.0625)), (np.float64(0.0625), np.float64(0.0)))","(0,0.0625) vs (0.0625,0)","(np.float64(0.0), np.float64(0.0625))","(np.float64(0.0625), np.float64(0.0))",-0.0625,0.0625,0.125,0.0,neither_high,0.02281972532679406,"(0.0, 0.125, '((np.float64(0.0), np.float64(0.0625)), (np.float64(0.0625), np.float64(0.0)))')",2
aa3432cd-62bd-40bc-bc1c-a12d53bcbdcf,"((np.float64(0.0), np.float64(0.125)), (np.float64(0.125), np.float64(0.0)))","(0,0.125) vs (0.125,0)","(np.float64(0.0), np.float64(0.125))","(np.float64(0.125), np.float64(0.0))",-0.125,0.125,0.25,0.0,neither_high,0.4172224851793583,"(0.0, 0.25, '((np.float64(0.0), np.float64(0.125)), (np.float64(0.125), np.float64(0.0)))')",2
aa3432cd-62bd-40bc-bc1c-a12d53bcbdcf,"((np.float64(0.0), np.float64(0.0)), (np.float64(0.0625), np.float64(0.0)))","(0,0) vs (0.0625,0)","(np.float64(0.0), np.float64(0.0))","(np.float64(0.0625), np.float64(0.0))",0.0,0.0625,0.0625,0.03125,neither_high,0.0313836025339616,"(0.03125, 0.0625, '((np.float64(0.0), np.float64(0.0)), (np.float64(0.0625), np.float64(0.0)))')",2
aa3432cd-62bd-40bc-bc1c-a12d53bcbdcf,"((np.float64(0.0), np.float64(0.0625)), (np.float64(0.125), np.float64(0.0)))","(0,0.0625) vs (0.125,0)","(np.float64(0.0), np.float64(0.0625))","(np.float64(0.125), np.float64(0.0))",-0.0625,0.125,0.1875,0.03125,neither_high,0.3543801545016873,"(0.03125, 0.1875, '((np.float64(0.0), np.float64(0.0625)), (np.float64(0.125), np.float64(0.0)))')",2
aa3432cd-62bd-40bc-bc1c-a12d53bcbdcf,"((np.float64(0.0), np.float64(0.0)), (np.float64(0.125), np.float64(0.0)))","(0,0) vs (0.125,0)","(np.float64(0.0), np.float64(0.0))","(np.float64(0.125), np.float64(0.0))",0.0,0.125,0.125,0.0625,neither_high,0.16635832626825897,"(0.0625, 0.125, '((np.float64(0.0), np.float64(0.0)), (np.float64(0.125), np.float64(0.0)))')",2
aa3432cd-62bd-40bc-bc1c-a12d53bcbdcf,"((np.float64(0.0625), np.float64(0.0)), (np.float64(0.125), np.float64(0.0)))","(0.0625,0) vs (0.125,0)","(np.float64(0.0625), np.float64(0.0))","(np.float64(0.125), np.float64(0.0))",0.0625,0.125,0.0625,0.09375,neither_high,0.2634448656505269,"(0.09375, 0.0625, '((np.float64(0.0625), np.float64(0.0)), (np.float64(0.125), np.float64(0.0)))')",2
872ce8ff-9fb3-485c-be00-bc5479e0095b,"((np.float64(0.0), np.float64(0.25)), (np.float64(0.0), np.float64(1.0)))","(0,0.25) vs (0,1)","(np.float64(0.0), np.float64(0.25))","(np.float64(0.0), np.float64(1.0))",-0.25,-1.0,0.75,-0.625,both_high,0.8486683275716205,"(-0.625, 0.75, '((np.float64(0.0), np.float64(0.25)), (np.float64(0.0), np.float64(1.0)))')",0
872ce8ff-9fb3-485c-be00-bc5479e0095b,"((np.float64(0.0), np.float64(1.0)), (np.float64(0.25), np.float64(0.0)))","(0,1) vs (0.25,0)","(np.float64(0.0), np.float64(1.0))","(np.float64(0.25), np.float64(0.0))",-1.0,0.25,1.25,-0.375,both_high,0.9566085024655129,"(-0.375, 1.25, '((np.float64(0.0), np.float64(1.0)), (np.float64(0.25), np.float64(0.0)))')",0
872ce8ff-9fb3-485c-be00-bc5479e0095b,"((np.float64(0.0), np.float64(0.25)), (np.float64(0.25), np.float64(0.0)))","(0,0.25) vs (0.25,0)","(np.float64(0.0), np.float64(0.25))","(np.float64(0.25), np.float64(0.0))",-0.25,0.25,0.5,0.0,both_high,0.7456571050357232,"(0.0, 0.5, '((np.float64(0.0), np.float64(0.25)), (np.float64(0.25), np.float64(0.0)))')",0
872ce8ff-9fb3-485c-be00-bc5479e0095b,"((np.float64(0.0), np.float64(1.0)), (np.float64(1.0), np.float64(0.0)))","(0,1) vs (1,0)","(np.float64(0.0), np.float64(1.0))","(np.float64(1.0), np.float64(0.0))",-1.0,1.0,2.0,0.0,both_high,0.9999999999990001,"(0.0, 2.0, '((np.float64(0.0), np.float64(1.0)), (np.float64(1.0), np.float64(0.0)))')",0
872ce8ff-9fb3-485c-be00-bc5479e0095b,"((np.float64(0.0), np.float64(0.25)), (np.float64(1.0), np.float64(0.0)))","(0,0.25) vs (1,0)","(np.float64(0.0), np.float64(0.25))","(np.float64(1.0), np.float64(0.0))",-0.25,1.0,1.25,0.375,both_high,0.818023976806815,"(0.375, 1.25, '((np.float64(0.0), np.float64(0.25)), (np.float64(1.0), np.float64(0.0)))')",0
872ce8ff-9fb3-485c-be00-bc5479e0095b,"((np.float64(0.25), np.float64(0.0)), (np.float64(1.0), np.float64(0.0)))","(0.25,0) vs (1,0)","(np.float64(0.25), np.float64(0.0))","(np.float64(1.0), np.float64(0.0))",0.25,1.0,0.75,0.625,both_high,0.10443717089475132,"(0.625, 0.75, '((np.float64(0.25), np.float64(0.0)), (np.float64(1.0), np.float64(0.0)))')",0
872ce8ff-9fb3-485c-be00-bc5479e0095b,"((np.float64(0.0), np.float64(0.125)), (np.float64(0.0), np.float64(1.0)))","(0,0.125) vs (0,1)","(np.float64(0.0), np.float64(0.125))","(np.float64(0.0), np.float64(1.0))",-0.125,-1.0,0.875,-0.5625,one_high,0.9348086992832726,"(-0.5625, 0.875, '((np.float64(0.0), np.float64(0.125)), (np.float64(0.0), np.float64(1.0)))')",1
872ce8ff-9fb3-485c-be00-bc5479e0095b,"((np.float64(0.0), np.float64(0.0625)), (np.float64(0.0), np.float64(1.0)))","(0,0.0625) vs (0,1)","(np.float64(0.0), np.float64(0.0625))","(np.float64(0.0), np.float64(1.0))",-0.0625,-1.0,0.9375,-0.53125,one_high,0.8943009283293407,"(-0.53125, 0.9375, '((np.float64(0.0), np.float64(0.0625)), (np.float64(0.0), np.float64(1.0)))')",1
872ce8ff-9fb3-485c-be00-bc5479e0095b,"((np.float64(0.0), np.float64(0.0)), (np.float64(0.0), np.float64(1.0)))","(0,0) vs (0,1)","(np.float64(0.0), np.float64(0.0))","(np.float64(0.0), np.float64(1.0))",0.0,-1.0,1.0,-0.5,one_high,0.8282932270532719,"(-0.5, 1.0, '((np.float64(0.0), np.float64(0.0)), (np.float64(0.0), np.float64(1.0)))')",1
872ce8ff-9fb3-485c-be00-bc5479e0095b,"((np.float64(0.0), np.float64(1.0)), (np.float64(0.0625), np.float64(0.0)))","(0,1) vs (0.0625,0)","(np.float64(0.0), np.float64(1.0))","(np.float64(0.0625), np.float64(0.0))",-1.0,0.0625,1.0625,-0.46875,one_high,0.8536851035705613,"(-0.46875, 1.0625, '((np.float64(0.0), np.float64(1.0)), (np.float64(0.0625), np.float64(0.0)))')",1
872ce8ff-9fb3-485c-be00-bc5479e0095b,"((np.float64(0.0), np.float64(1.0)), (np.float64(0.125), np.float64(0.0)))","(0,1) vs (0.125,0)","(np.float64(0.0), np.float64(1.0))","(np.float64(0.125), np.float64(0.0))",-1.0,0.125,1.125,-0.4375,one_high,0.877643945550571,"(-0.4375, 1.125, '((np.float64(0.0), np.float64(1.0)), (np.float64(0.125), np.float64(0.0)))')",1
872ce8ff-9fb3-485c-be00-bc5479e0095b,"((np.float64(0.0), np.float64(0.125)), (np.float64(0.0), np.float64(0.25)))","(0,0.125) vs (0,0.25)","(np.float64(0.0), np.float64(0.125))","(np.float64(0.0), np.float64(0.25))",-0.125,-0.25,0.125,-0.1875,one_high,0.708564193003864,"(-0.1875, 0.125, '((np.float64(0.0), np.float64(0.125)), (np.float64(0.0), np.float64(0.25)))')",1
872ce8ff-9fb3-485c-be00-bc5479e0095b,"((np.float64(0.0), np.float64(0.0625)), (np.float64(0.0), np.float64(0.25)))","(0,0.0625) vs (0,0.25)","(np.float64(0.0), np.float64(0.0625))","(np.float64(0.0), np.float64(0.25))",-0.0625,-0.25,0.1875,-0.15625,one_high,0.7340297559713327,"(-0.15625, 0.1875, '((np.float64(0.0), np.float64(0.0625)), (np.float64(0.0), np.float64(0.25)))')",1
872ce8ff-9fb3-485c-be00-bc5479e0095b,"((np.float64(0.0), np.float64(0.0)), (np.float64(0.0), np.float64(0.25)))","(0,0) vs (0,0.25)","(np.float64(0.0), np.float64(0.0))","(np.float64(0.0), np.float64(0.25))",0.0,-0.25,0.25,-0.125,one_high,0.6127321285968182,"(-0.125, 0.25, '((np.float64(0.0), np.float64(0.0)), (np.float64(0.0), np.float64(0.25)))')",1
872ce8ff-9fb3-485c-be00-bc5479e0095b,"((np.float64(0.0), np.float64(0.25)), (np.float64(0.0625), np.float64(0.0)))","(0,0.25) vs (0.0625,0)","(np.float64(0.0), np.float64(0.25))","(np.float64(0.0625), np.float64(0.0))",-0.25,0.0625,0.3125,-0.09375,one_high,0.6892124380523734,"(-0.09375, 0.3125, '((np.float64(0.0), np.float64(0.25)), (np.float64(0.0625), np.float64(0.0)))')",1
872ce8ff-9fb3-485c-be00-bc5479e0095b,"((np.float64(0.0), np.float64(0.25)), (np.float64(0.125), np.float64(0.0)))","(0,0.25) vs (0.125,0)","(np.float64(0.0), np.float64(0.25))","(np.float64(0.125), np.float64(0.0))",-0.25,0.125,0.375,-0.0625,one_high,0.6426273144009748,"(-0.0625, 0.375, '((np.float64(0.0), np.float64(0.25)), (np.float64(0.125), np.float64(0.0)))')",1
872ce8ff-9fb3-485c-be00-bc5479e0095b,"((np.float64(0.0), np.float64(0.125)), (np.float64(0.25), np.float64(0.0)))","(0,0.125) vs (0.25,0)","(np.float64(0.0), np.float64(0.125))","(np.float64(0.25), np.float64(0.0))",-0.125,0.25,0.375,0.0625,one_high,0.04960833833787268,"(0.0625, 0.375, '((np.float64(0.0), np.float64(0.125)), (np.float64(0.25), np.float64(0.0)))')",1
872ce8ff-9fb3-485c-be00-bc5479e0095b,"((np.float64(0.0), np.float64(0.0625)), (np.float64(0.25), np.float64(0.0)))","(0,0.0625) vs (0.25,0)","(np.float64(0.0), np.float64(0.0625))","(np.float64(0.25), np.float64(0.0))",-0.0625,0.25,0.3125,0.09375,one_high,0.5263027406443681,"(0.09375, 0.3125, '((np.float64(0.0), np.float64(0.0625)), (np.float64(0.25), np.float64(0.0)))')",1
872ce8ff-9fb3-485c-be00-bc5479e0095b,"((np.float64(0.0), np.float64(0.0)), (np.float64(0.25), np.float64(0.0)))","(0,0) vs (0.25,0)","(np.float64(0.0), np.float64(0.0))","(np.float64(0.25), np.float64(0.0))",0.0,0.25,0.25,0.125,one_high,0.3524311989679155,"(0.125, 0.25, '((np.float64(0.0), np.float64(0.0)), (np.float64(0.25), np.float64(0.0)))')",1
872ce8ff-9fb3-485c-be00-bc5479e0095b,"((np.float64(0.0625), np.float64(0.0)), (np.float64(0.25), np.float64(0.0)))","(0.0625,0) vs (0.25,0)","(np.float64(0.0625), np.float64(0.0))","(np.float64(0.25), np.float64(0.0))",0.0625,0.25,0.1875,0.15625,one_high,0.5575157468511347,"(0.15625, 0.1875, '((np.float64(0.0625), np.float64(0.0)), (np.float64(0.25), np.float64(0.0)))')",1
872ce8ff-9fb3-485c-be00-bc5479e0095b,"((np.float64(0.125), np.float64(0.0)), (np.float64(0.25), np.float64(0.0)))","(0.125,0) vs (0.25,0)","(np.float64(0.125), np.float64(0.0))","(np.float64(0.25), np.float64(0.0))",0.125,0.25,0.125,0.1875,one_high,0.29954592110016154,"(0.1875, 0.125, '((np.float64(0.125), np.float64(0.0)), (np.float64(0.25), np.float64(0.0)))')",1
872ce8ff-9fb3-485c-be00-bc5479e0095b,"((np.float64(0.0), np.float64(0.125)), (np.float64(1.0), np.float64(0.0)))","(0,0.125) vs (1,0)","(np.float64(0.0), np.float64(0.125))","(np.float64(1.0), np.float64(0.0))",-0.125,1.0,1.125,0.4375,one_high,0.12828860580493598,"(0.4375, 1.125, '((np.float64(0.0), np.float64(0.125)), (np.float64(1.0), np.float64(0.0)))')",1
872ce8ff-9fb3-485c-be00-bc5479e0095b,"((np.float64(0.0), np.float64(0.0625)), (np.float64(1.0), np.float64(0.0)))","(0,0.0625) vs (1,0)","(np.float64(0.0), np.float64(0.0625))","(np.float64(1.0), np.float64(0.0))",-0.0625,1.0,1.0625,0.46875,one_high,0.3964266047372333,"(0.46875, 1.0625, '((np.float64(0.0), np.float64(0.0625)), (np.float64(1.0), np.float64(0.0)))')",1
872ce8ff-9fb3-485c-be00-bc5479e0095b,"((np.float64(0.0), np.float64(0.0)), (np.float64(1.0), np.float64(0.0)))","(0,0) vs (1,0)","(np.float64(0.0), np.float64(0.0))","(np.float64(1.0), np.float64(0.0))",0.0,1.0,1.0,0.5,one_high,0.2398928202529302,"(0.5, 1.0, '((np.float64(0.0), np.float64(0.0)), (np.float64(1.0), np.float64(0.0)))')",1
872ce8ff-9fb3-485c-be00-bc5479e0095b,"((np.float64(0.0625), np.float64(0.0)), (np.float64(1.0), np.float64(0.0)))","(0.0625,0) vs (1,0)","(np.float64(0.0625), np.float64(0.0))","(np.float64(1.0), np.float64(0.0))",0.0625,1.0,0.9375,0.53125,one_high,0.4475483899902349,"(0.53125, 0.9375, '((np.float64(0.0625), np.float64(0.0)), (np.float64(1.0), np.float64(0.0)))')",1
872ce8ff-9fb3-485c-be00-bc5479e0095b,"((np.float64(0.125), np.float64(0.0)), (np.float64(1.0), np.float64(0.0)))","(0.125,0) vs (1,0)","(np.float64(0.125), np.float64(0.0))","(np.float64(1.0), np.float64(0.0))",0.125,1.0,0.875,0.5625,one_high,0.18129754670472897,"(0.5625, 0.875, '((np.float64(0.125), np.float64(0.0)), (np.float64(1.0), np.float64(0.0)))')",1
872ce8ff-9fb3-485c-be00-bc5479e0095b,"((np.float64(0.0), np.float64(0.0625)), (np.float64(0.0), np.float64(0.125)))","(0,0.0625) vs (0,0.125)","(np.float64(0.0), np.float64(0.0625))","(np.float64(0.0), np.float64(0.125))",-0.0625,-0.125,0.0625,-0.09375,neither_high,0.6003123375120741,"(-0.09375, 0.0625, '((np.float64(0.0), np.float64(0.0625)), (np.float64(0.0), np.float64(0.125)))')",2
872ce8ff-9fb3-485c-be00-bc5479e0095b,"((np.float64(0.0), np.float64(0.0)), (np.float64(0.0), np.float64(0.125)))","(0,0) vs (0,0.125)","(np.float64(0.0), np.float64(0.0))","(np.float64(0.0), np.float64(0.125))",0.0,-0.125,0.125,-0.0625,neither_high,0.36120911330217603,"(-0.0625, 0.125, '((np.float64(0.0), np.float64(0.0)), (np.float64(0.0), np.float64(0.125)))')",2
872ce8ff-9fb3-485c-be00-bc5479e0095b,"((np.float64(0.0), np.float64(0.0)), (np.float64(0.0), np.float64(0.0625)))","(0,0) vs (0,0.0625)","(np.float64(0.0), np.float64(0.0))","(np.float64(0.0), np.float64(0.0625))",0.0,-0.0625,0.0625,-0.03125,neither_high,0.1908965533065672,"(-0.03125, 0.0625, '((np.float64(0.0), np.float64(0.0)), (np.float64(0.0), np.float64(0.0625)))')",2
872ce8ff-9fb3-485c-be00-bc5479e0095b,"((np.float64(0.0), np.float64(0.125)), (np.float64(0.0625), np.float64(0.0)))","(0,0.125) vs (0.0625,0)","(np.float64(0.0), np.float64(0.125))","(np.float64(0.0625), np.float64(0.0))",-0.125,0.0625,0.1875,-0.03125,neither_high,0.5776443283487603,"(-0.03125, 0.1875, '((np.float64(0.0), np.float64(0.125)), (np.float64(0.0625), np.float64(0.0)))')",2
872ce8ff-9fb3-485c-be00-bc5479e0095b,"((np.float64(0.0), np.float64(0.0625)), (np.float64(0.0625), np.float64(0.0)))","(0,0.0625) vs (0.0625,0)","(np.float64(0.0), np.float64(0.0625))","(np.float64(0.0625), np.float64(0.0))",-0.0625,0.0625,0.125,0.0,neither_high,0.37498001023828126,"(0.0, 0.125, '((np.float64(0.0), np.float64(0.0625)), (np.float64(0.0625), np.float64(0.0)))')",2
872ce8ff-9fb3-485c-be00-bc5479e0095b,"((np.float64(0.0), np.float64(0.125)), (np.float64(0.125), np.float64(0.0)))","(0,0.125) vs (0.125,0)","(np.float64(0.0), np.float64(0.125))","(np.float64(0.125), np.float64(0.0))",-0.125,0.125,0.25,0.0,neither_high,0.31982883510016336,"(0.0, 0.25, '((np.float64(0.0), np.float64(0.125)), (np.float64(0.125), np.float64(0.0)))')",2
872ce8ff-9fb3-485c-be00-bc5479e0095b,"((np.float64(0.0), np.float64(0.0)), (np.float64(0.0625), np.float64(0.0)))","(0,0) vs (0.0625,0)","(np.float64(0.0), np.float64(0.0))","(np.float64(0.0625), np.float64(0.0))",0.0,0.0625,0.0625,0.03125,neither_high,0.6596367586396317,"(0.03125, 0.0625, '((np.float64(0.0), np.float64(0.0)), (np.float64(0.0625), np.float64(0.0)))')",2
872ce8ff-9fb3-485c-be00-bc5479e0095b,"((np.float64(0.0), np.float64(0.0625)), (np.float64(0.125), np.float64(0.0)))","(0,0.0625) vs (0.125,0)","(np.float64(0.0), np.float64(0.0625))","(np.float64(0.125), np.float64(0.0))",-0.0625,0.125,0.1875,0.03125,neither_high,0.45419952455446877,"(0.03125, 0.1875, '((np.float64(0.0), np.float64(0.0625)), (np.float64(0.125), np.float64(0.0)))')",2
872ce8ff-9fb3-485c-be00-bc5479e0095b,"((np.float64(0.0), np.float64(0.0)), (np.float64(0.125), np.float64(0.0)))","(0,0) vs (0.125,0)","(np.float64(0.0), np.float64(0.0))","(np.float64(0.125), np.float64(0.0))",0.0,0.125,0.125,0.0625,neither_high,0.23362252795838737,"(0.0625, 0.125, '((np.float64(0.0), np.float64(0.0)), (np.float64(0.125), np.float64(0.0)))')",2
872ce8ff-9fb3-485c-be00-bc5479e0095b,"((np.float64(0.0625), np.float64(0.0)), (np.float64(0.125), np.float64(0.0)))","(0.0625,0) vs (0.125,0)","(np.float64(0.0625), np.float64(0.0))","(np.float64(0.125), np.float64(0.0))",0.0625,0.125,0.0625,0.09375,neither_high,0.6390420662683863,"(0.09375, 0.0625, '((np.float64(0.0625), np.float64(0.0)), (np.float64(0.125), np.float64(0.0)))')",2
