eid,pid,target_prefix,bin_start,bin_end,bin_size,step_size,bin_index,time,status,n_active_units,bin_idx,n_trials,n_units,n_pos,n_neg,overlap_topk,cosine2_top1,expected_random_overlap,expected_random_cosine2,k_eff,n_eff,null_pval
b22f694e-4a34-4142-ab9d-2556c3487086,8abf098f-d4f6-4957-9c0a-f53685db74cc,VISam,0.04,0.09,0.05,0.01,0,0.065,insufficient_active_units,1,,,,,,,,,,,,
b22f694e-4a34-4142-ab9d-2556c3487086,8abf098f-d4f6-4957-9c0a-f53685db74cc,VISam,0.05,0.1,0.05,0.01,1,0.07500000000000001,insufficient_active_units,1,,,,,,,,,,,,
b22f694e-4a34-4142-ab9d-2556c3487086,8abf098f-d4f6-4957-9c0a-f53685db74cc,VISam,0.060000000000000005,0.11000000000000001,0.05,0.01,2,0.085,insufficient_active_units,1,,,,,,,,,,,,
b22f694e-4a34-4142-ab9d-2556c3487086,8abf098f-d4f6-4957-9c0a-f53685db74cc,VISam,0.07,0.12000000000000001,0.05,0.01,3,0.095,insufficient_active_units,1,,,,,,,,,,,,
b22f694e-4a34-4142-ab9d-2556c3487086,8abf098f-d4f6-4957-9c0a-f53685db74cc,VISam,0.08000000000000002,0.13,0.05,0.01,4,0.10500000000000001,insufficient_active_units,1,,,,,,,,,,,,
b22f694e-4a34-4142-ab9d-2556c3487086,8abf098f-d4f6-4957-9c0a-f53685db74cc,VISam,0.09000000000000001,0.14,0.05,0.01,5,0.11500000000000002,insufficient_active_units,1,,,,,,,,,,,,
73918ae1-e4fd-4c18-b132-00cb555b1ad2,0851db85-2889-4070-ac18-a40e8ebd96ba,VISam,0.04,0.09,0.05,0.01,0,0.065,ok,109,0.0,625.0,109.0,136.0,138.0,0.4695669774206386,0.38533147153562786,0.027522935779816515,0.009174311926605505,3.0,109.0,0.0001999600079984003
73918ae1-e4fd-4c18-b132-00cb555b1ad2,0851db85-2889-4070-ac18-a40e8ebd96ba,VISam,0.05,0.1,0.05,0.01,1,0.07500000000000001,ok,109,0.0,625.0,109.0,136.0,138.0,0.4705423306625729,0.36541944466513127,0.027522935779816515,0.009174311926605505,3.0,109.0,0.0001999600079984003
73918ae1-e4fd-4c18-b132-00cb555b1ad2,0851db85-2889-4070-ac18-a40e8ebd96ba,VISam,0.060000000000000005,0.11000000000000001,0.05,0.01,2,0.085,ok,107,0.0,625.0,107.0,136.0,138.0,0.4092159321791961,0.3640081385373674,0.028037383177570093,0.009345794392523364,3.0,107.0,0.0001999600079984003
73918ae1-e4fd-4c18-b132-00cb555b1ad2,0851db85-2889-4070-ac18-a40e8ebd96ba,VISam,0.07,0.12000000000000001,0.05,0.01,3,0.095,ok,109,0.0,625.0,109.0,136.0,138.0,0.3188767322098815,0.23620869014164175,0.027522935779816515,0.009174311926605505,3.0,109.0,0.001999600079984003
73918ae1-e4fd-4c18-b132-00cb555b1ad2,0851db85-2889-4070-ac18-a40e8ebd96ba,VISam,0.08000000000000002,0.13,0.05,0.01,4,0.10500000000000001,ok,109,0.0,625.0,109.0,136.0,138.0,0.2349184991762367,0.08507226061325153,0.027522935779816515,0.009174311926605505,3.0,109.0,0.08638272345530894
73918ae1-e4fd-4c18-b132-00cb555b1ad2,0851db85-2889-4070-ac18-a40e8ebd96ba,VISam,0.09000000000000001,0.14,0.05,0.01,5,0.11500000000000002,ok,109,0.0,625.0,109.0,136.0,138.0,0.21368891392140538,0.01926258598568196,0.027522935779816515,0.009174311926605505,3.0,109.0,0.09398120375924815
f304211a-81b1-446f-a435-25e589fe3a5a,94761f31-0dfc-4f67-87ef-6d1ac7f95144,VISam,0.04,0.09,0.05,0.01,0,0.065,ok,113,0.0,1016.0,113.0,225.0,206.0,0.04665687965589782,0.042005683426446346,0.02654867256637168,0.008849557522123894,3.0,113.0,0.14657068586282743
f304211a-81b1-446f-a435-25e589fe3a5a,94761f31-0dfc-4f67-87ef-6d1ac7f95144,VISam,0.05,0.1,0.05,0.01,1,0.07500000000000001,ok,114,0.0,1016.0,114.0,225.0,206.0,0.04569153294393712,0.02263629394549629,0.02631578947368421,0.008771929824561403,3.0,114.0,0.25674865026994603
f304211a-81b1-446f-a435-25e589fe3a5a,94761f31-0dfc-4f67-87ef-6d1ac7f95144,VISam,0.060000000000000005,0.11000000000000001,0.05,0.01,2,0.085,ok,114,0.0,1016.0,114.0,225.0,206.0,0.05079687508098137,0.011568872620971398,0.02631578947368421,0.008771929824561403,3.0,114.0,0.32833433313337335
f304211a-81b1-446f-a435-25e589fe3a5a,94761f31-0dfc-4f67-87ef-6d1ac7f95144,VISam,0.07,0.12000000000000001,0.05,0.01,3,0.095,ok,113,0.0,1016.0,113.0,225.0,206.0,0.08337789470483542,0.011717138897679951,0.02654867256637168,0.008849557522123894,3.0,113.0,0.16096780643871225
f304211a-81b1-446f-a435-25e589fe3a5a,94761f31-0dfc-4f67-87ef-6d1ac7f95144,VISam,0.08000000000000002,0.13,0.05,0.01,4,0.10500000000000001,ok,115,0.0,1016.0,115.0,225.0,206.0,0.1641450373524247,0.1362814673321597,0.02608695652173913,0.008695652173913044,3.0,115.0,0.0013997200559888023
f304211a-81b1-446f-a435-25e589fe3a5a,94761f31-0dfc-4f67-87ef-6d1ac7f95144,VISam,0.09000000000000001,0.14,0.05,0.01,5,0.11500000000000002,ok,114,0.0,1016.0,114.0,225.0,206.0,0.4494139596130051,0.36406564818779596,0.02631578947368421,0.008771929824561403,3.0,114.0,0.0001999600079984003
10fac7a1-919d-4ca7-83c4-4675bd8d9416,594664af-9033-4651-861d-2be9277c9866,VISam,0.04,0.09,0.05,0.01,0,0.065,ok,238,0.0,546.0,238.0,125.0,107.0,0.6481239507584079,0.5307640151553871,0.012605042016806723,0.004201680672268907,3.0,238.0,0.0001999600079984003
10fac7a1-919d-4ca7-83c4-4675bd8d9416,594664af-9033-4651-861d-2be9277c9866,VISam,0.05,0.1,0.05,0.01,1,0.07500000000000001,ok,241,0.0,546.0,241.0,125.0,107.0,0.6312880024081458,0.35523209236135483,0.012448132780082987,0.004149377593360996,3.0,241.0,0.0001999600079984003
10fac7a1-919d-4ca7-83c4-4675bd8d9416,594664af-9033-4651-861d-2be9277c9866,VISam,0.060000000000000005,0.11000000000000001,0.05,0.01,2,0.085,ok,241,0.0,546.0,241.0,125.0,107.0,0.5060454739553198,0.2109736361706927,0.012448132780082987,0.004149377593360996,3.0,241.0,0.0001999600079984003
10fac7a1-919d-4ca7-83c4-4675bd8d9416,594664af-9033-4651-861d-2be9277c9866,VISam,0.07,0.12000000000000001,0.05,0.01,3,0.095,ok,240,0.0,546.0,240.0,125.0,107.0,0.35086175332116143,0.1667642549994864,0.0125,0.004166666666666667,3.0,240.0,0.0001999600079984003
10fac7a1-919d-4ca7-83c4-4675bd8d9416,594664af-9033-4651-861d-2be9277c9866,VISam,0.08000000000000002,0.13,0.05,0.01,4,0.10500000000000001,ok,240,0.0,546.0,240.0,125.0,107.0,0.20006850019386468,0.14552437971034848,0.0125,0.004166666666666667,3.0,240.0,0.0003999200159968006
10fac7a1-919d-4ca7-83c4-4675bd8d9416,594664af-9033-4651-861d-2be9277c9866,VISam,0.09000000000000001,0.14,0.05,0.01,5,0.11500000000000002,ok,239,0.0,546.0,239.0,125.0,107.0,0.1866178677905,0.1453815031317255,0.012552301255230125,0.0041841004184100415,3.0,239.0,0.0003999200159968006
a2b9fbbe-79fc-4166-a16e-b307813a2f06,d552cffa-b662-40bd-b1e3-98d0a8face2c,VISam,0.04,0.09,0.05,0.01,0,0.065,ok,97,0.0,469.0,97.0,103.0,100.0,0.14646053946176954,0.14429918008848683,0.030927835051546393,0.010309278350515464,3.0,97.0,0.0001999600079984003
a2b9fbbe-79fc-4166-a16e-b307813a2f06,d552cffa-b662-40bd-b1e3-98d0a8face2c,VISam,0.05,0.1,0.05,0.01,1,0.07500000000000001,ok,96,0.0,469.0,96.0,103.0,100.0,0.3800605593140246,0.28764956281653625,0.03125,0.010416666666666666,3.0,96.0,0.0001999600079984003
a2b9fbbe-79fc-4166-a16e-b307813a2f06,d552cffa-b662-40bd-b1e3-98d0a8face2c,VISam,0.060000000000000005,0.11000000000000001,0.05,0.01,2,0.085,ok,97,0.0,469.0,97.0,103.0,100.0,0.4937995571531139,0.43936811166712403,0.030927835051546393,0.010309278350515464,3.0,97.0,0.0001999600079984003
a2b9fbbe-79fc-4166-a16e-b307813a2f06,d552cffa-b662-40bd-b1e3-98d0a8face2c,VISam,0.07,0.12000000000000001,0.05,0.01,3,0.095,ok,97,0.0,469.0,97.0,103.0,100.0,0.5659694893194097,0.5069000476707674,0.030927835051546393,0.010309278350515464,3.0,97.0,0.0001999600079984003
a2b9fbbe-79fc-4166-a16e-b307813a2f06,d552cffa-b662-40bd-b1e3-98d0a8face2c,VISam,0.08000000000000002,0.13,0.05,0.01,4,0.10500000000000001,ok,96,0.0,469.0,96.0,103.0,100.0,0.6135657987978528,0.5646238295725882,0.03125,0.010416666666666666,3.0,96.0,0.0001999600079984003
a2b9fbbe-79fc-4166-a16e-b307813a2f06,d552cffa-b662-40bd-b1e3-98d0a8face2c,VISam,0.09000000000000001,0.14,0.05,0.01,5,0.11500000000000002,ok,96,0.0,469.0,96.0,103.0,100.0,0.6150216321937456,0.5902998501260586,0.03125,0.010416666666666666,3.0,96.0,0.0001999600079984003
9b528ad0-4599-4a55-9148-96cc1d93fb24,485b50c8-71e1-4654-9a07-64395c15f5ed,VISam,0.04,0.09,0.05,0.01,0,0.065,ok,28,0.0,581.0,28.0,153.0,112.0,0.43131819177555275,0.3204764049217848,0.10714285714285714,0.03571428571428571,3.0,28.0,0.02659468106378724
9b528ad0-4599-4a55-9148-96cc1d93fb24,485b50c8-71e1-4654-9a07-64395c15f5ed,VISam,0.05,0.1,0.05,0.01,1,0.07500000000000001,ok,29,0.0,581.0,29.0,153.0,112.0,0.25167308165220353,0.23370431797144564,0.10344827586206896,0.034482758620689655,3.0,29.0,0.047590481903619274
9b528ad0-4599-4a55-9148-96cc1d93fb24,485b50c8-71e1-4654-9a07-64395c15f5ed,VISam,0.060000000000000005,0.11000000000000001,0.05,0.01,2,0.085,ok,29,0.0,581.0,29.0,153.0,112.0,0.3536746836313953,0.304828158107454,0.10344827586206896,0.034482758620689655,3.0,29.0,0.013197360527894421
9b528ad0-4599-4a55-9148-96cc1d93fb24,485b50c8-71e1-4654-9a07-64395c15f5ed,VISam,0.07,0.12000000000000001,0.05,0.01,3,0.095,ok,28,0.0,581.0,28.0,153.0,112.0,0.3559847559223118,0.24245303555569922,0.10714285714285714,0.03571428571428571,3.0,28.0,0.04999000199960008
9b528ad0-4599-4a55-9148-96cc1d93fb24,485b50c8-71e1-4654-9a07-64395c15f5ed,VISam,0.08000000000000002,0.13,0.05,0.01,4,0.10500000000000001,ok,29,0.0,581.0,29.0,153.0,112.0,0.3818812050615533,0.011804504346992341,0.10344827586206896,0.034482758620689655,3.0,29.0,0.5450909818036392
9b528ad0-4599-4a55-9148-96cc1d93fb24,485b50c8-71e1-4654-9a07-64395c15f5ed,VISam,0.09000000000000001,0.14,0.05,0.01,5,0.11500000000000002,ok,29,0.0,581.0,29.0,153.0,112.0,0.43511015644947815,0.167909659415498,0.10344827586206896,0.034482758620689655,3.0,29.0,0.03179364127174565
3bcb81b4-d9ca-4fc9-a1cd-353a966239ca,d004f105-9886-4b83-a59a-f9173131a383,VISam,0.04,0.09,0.05,0.01,0,0.065,ok,136,0.0,664.0,136.0,141.0,135.0,0.8399167984153553,0.7074480117129219,0.022058823529411766,0.007352941176470588,3.0,136.0,0.0001999600079984003
3bcb81b4-d9ca-4fc9-a1cd-353a966239ca,d004f105-9886-4b83-a59a-f9173131a383,VISam,0.05,0.1,0.05,0.01,1,0.07500000000000001,ok,136,0.0,664.0,136.0,141.0,135.0,0.82591943005392,0.5947223086324916,0.022058823529411766,0.007352941176470588,3.0,136.0,0.0001999600079984003
3bcb81b4-d9ca-4fc9-a1cd-353a966239ca,d004f105-9886-4b83-a59a-f9173131a383,VISam,0.060000000000000005,0.11000000000000001,0.05,0.01,2,0.085,ok,137,0.0,664.0,137.0,141.0,135.0,0.6919105813931054,0.35505831148873734,0.021897810218978103,0.0072992700729927005,3.0,137.0,0.0001999600079984003
3bcb81b4-d9ca-4fc9-a1cd-353a966239ca,d004f105-9886-4b83-a59a-f9173131a383,VISam,0.07,0.12000000000000001,0.05,0.01,3,0.095,ok,136,0.0,664.0,136.0,141.0,135.0,0.6469832673855148,0.35254863909231876,0.022058823529411766,0.007352941176470588,3.0,136.0,0.0001999600079984003
3bcb81b4-d9ca-4fc9-a1cd-353a966239ca,d004f105-9886-4b83-a59a-f9173131a383,VISam,0.08000000000000002,0.13,0.05,0.01,4,0.10500000000000001,ok,137,0.0,664.0,137.0,141.0,135.0,0.6359899282165408,0.4145034630436569,0.021897810218978103,0.0072992700729927005,3.0,137.0,0.0001999600079984003
3bcb81b4-d9ca-4fc9-a1cd-353a966239ca,d004f105-9886-4b83-a59a-f9173131a383,VISam,0.09000000000000001,0.14,0.05,0.01,5,0.11500000000000002,ok,135,0.0,664.0,135.0,141.0,135.0,0.5850340960667096,0.4419441520166511,0.022222222222222223,0.007407407407407408,3.0,135.0,0.0001999600079984003
6c6b0d06-6039-4525-a74b-58cfaa1d3a60,3fded122-619c-4e65-aadd-d5420978d167,VISam,0.04,0.09,0.05,0.01,0,0.065,ok,153,0.0,1004.0,153.0,225.0,196.0,0.3230851459577262,0.20437390082209064,0.0196078431372549,0.006535947712418301,3.0,153.0,0.003999200159968006
6c6b0d06-6039-4525-a74b-58cfaa1d3a60,3fded122-619c-4e65-aadd-d5420978d167,VISam,0.05,0.1,0.05,0.01,1,0.07500000000000001,ok,154,0.0,1004.0,154.0,225.0,196.0,0.3410142198130387,0.185957036766366,0.01948051948051948,0.006493506493506494,3.0,154.0,0.007198560287942412
6c6b0d06-6039-4525-a74b-58cfaa1d3a60,3fded122-619c-4e65-aadd-d5420978d167,VISam,0.060000000000000005,0.11000000000000001,0.05,0.01,2,0.085,ok,155,0.0,1004.0,155.0,225.0,196.0,0.39723505627488326,0.14454792661871305,0.01935483870967742,0.0064516129032258064,3.0,155.0,0.015396920615876825
6c6b0d06-6039-4525-a74b-58cfaa1d3a60,3fded122-619c-4e65-aadd-d5420978d167,VISam,0.07,0.12000000000000001,0.05,0.01,3,0.095,ok,156,0.0,1004.0,156.0,225.0,196.0,0.48074432190430255,0.1515870591133131,0.019230769230769232,0.00641025641025641,3.0,156.0,0.005198960207958408
6c6b0d06-6039-4525-a74b-58cfaa1d3a60,3fded122-619c-4e65-aadd-d5420978d167,VISam,0.08000000000000002,0.13,0.05,0.01,4,0.10500000000000001,ok,155,0.0,1004.0,155.0,225.0,196.0,0.5020411547226067,0.09375487769512435,0.01935483870967742,0.0064516129032258064,3.0,155.0,0.033993201359728054
6c6b0d06-6039-4525-a74b-58cfaa1d3a60,3fded122-619c-4e65-aadd-d5420978d167,VISam,0.09000000000000001,0.14,0.05,0.01,5,0.11500000000000002,ok,157,0.0,1004.0,157.0,225.0,196.0,0.44827388360734893,0.0759733921778035,0.01910828025477707,0.006369426751592357,3.0,157.0,0.14577084583083383
239dd3c9-35f3-4462-95ee-91b822a22e6b,e40193d5-8158-40a1-924b-5a01ed2565dc,VISam,0.04,0.09,0.05,0.01,0,0.065,ok,49,0.0,414.0,49.0,108.0,74.0,0.6072037317807375,0.3280215117513113,0.061224489795918366,0.02040816326530612,3.0,49.0,0.0001999600079984003
239dd3c9-35f3-4462-95ee-91b822a22e6b,e40193d5-8158-40a1-924b-5a01ed2565dc,VISam,0.05,0.1,0.05,0.01,1,0.07500000000000001,ok,49,0.0,414.0,49.0,108.0,74.0,0.7078420733940717,0.627299928789021,0.061224489795918366,0.02040816326530612,3.0,49.0,0.0001999600079984003
239dd3c9-35f3-4462-95ee-91b822a22e6b,e40193d5-8158-40a1-924b-5a01ed2565dc,VISam,0.060000000000000005,0.11000000000000001,0.05,0.01,2,0.085,ok,50,0.0,414.0,50.0,108.0,74.0,0.7471735089514645,0.6795160479470597,0.06,0.02,3.0,50.0,0.0001999600079984003
239dd3c9-35f3-4462-95ee-91b822a22e6b,e40193d5-8158-40a1-924b-5a01ed2565dc,VISam,0.07,0.12000000000000001,0.05,0.01,3,0.095,ok,50,0.0,414.0,50.0,108.0,74.0,0.5875373268772551,0.5469530046680479,0.06,0.02,3.0,50.0,0.0001999600079984003
239dd3c9-35f3-4462-95ee-91b822a22e6b,e40193d5-8158-40a1-924b-5a01ed2565dc,VISam,0.08000000000000002,0.13,0.05,0.01,4,0.10500000000000001,ok,50,0.0,414.0,50.0,108.0,74.0,0.43128338865926436,0.39159780810898415,0.06,0.02,3.0,50.0,0.0003999200159968006
239dd3c9-35f3-4462-95ee-91b822a22e6b,e40193d5-8158-40a1-924b-5a01ed2565dc,VISam,0.09000000000000001,0.14,0.05,0.01,5,0.11500000000000002,ok,49,0.0,414.0,49.0,108.0,74.0,0.3537573765785702,0.29797305497174303,0.061224489795918366,0.02040816326530612,3.0,49.0,0.0001999600079984003
