eid,pid,target_prefix,bin_start,bin_end,bin_idx,time,k_pa,n_active_units,status,n_pos,n_neg,signal_norm,T_obs_raw,T_obs_corrected,mean_noise_scale,haar_status,haar_null_mean_corrected,haar_null_median_corrected,haar_null_p05_corrected,haar_null_p95_corrected,haar_p_lower_corrected,haar_p_upper_corrected,pairing_null_mean_corrected,pairing_null_median_corrected,pairing_null_p05_corrected,pairing_null_p95_corrected,pairing_p_lower_corrected,pairing_p_upper_corrected
e1931de1-cf7b-49af-af33-2ade15e8abe7,9150758e-1390-41d1-b426-96675e60dbea,VISp,0.0,0.03,0,0.015,4,57,ok,186,128,16.035156023155604,0.004536657260118598,-0.035029874997945874,0.013188844086021506,nonpositive_corrected_block_energy,,,,,,,-0.036182775376681964,-0.035791744723678236,-0.03781569742877189,-0.034585323772415584,0.8323353293413174,0.32335329341317365
e1931de1-cf7b-49af-af33-2ade15e8abe7,9150758e-1390-41d1-b426-96675e60dbea,VISp,0.01,0.04,1,0.025,4,57,ok,186,128,15.097406619253757,0.008294692025656107,-0.031271840232408366,0.013188844086021506,nonpositive_corrected_block_energy,,,,,,,-0.03151874721090125,-0.031271840232408366,-0.03223621516233148,-0.03089898942586946,0.6407185628742516,0.5149700598802395
e1931de1-cf7b-49af-af33-2ade15e8abe7,9150758e-1390-41d1-b426-96675e60dbea,VISp,0.02,0.05,2,0.035,4,57,ok,186,128,15.49449910829538,0.002054039534081668,-0.03751249272398281,0.013188844086021506,nonpositive_corrected_block_energy,,,,,,,-0.03962005706959158,-0.03853854561998822,-0.042061563976105214,-0.03751249272398281,1.0,0.15568862275449102
e1931de1-cf7b-49af-af33-2ade15e8abe7,9150758e-1390-41d1-b426-96675e60dbea,VISp,0.03,0.06,3,0.045,4,57,ok,186,128,17.109949221074896,0.01744183564830055,-0.02212469660976393,0.013188844086021506,nonpositive_corrected_block_energy,,,,,,,-0.02372057412890706,-0.02349785738436154,-0.025753767783430952,-0.022098791007013768,0.8323353293413174,0.32335329341317365
e1931de1-cf7b-49af-af33-2ade15e8abe7,9150758e-1390-41d1-b426-96675e60dbea,VISp,0.04,0.07,4,0.05500000000000001,4,57,ok,186,128,19.728740681313965,0.05556014568339443,0.01599361342532995,0.013188844086021506,ok,0.015511594103613685,0.0052379182923904186,-0.03139499700964277,0.10107497621247262,0.590818363273453,0.4111776447105788,0.015289199355480758,0.015538743171163128,0.014402280543942488,0.01599361342532995,1.0,0.15568862275449102
e1931de1-cf7b-49af-af33-2ade15e8abe7,9150758e-1390-41d1-b426-96675e60dbea,VISp,0.05,0.08,5,0.065,4,57,ok,186,128,18.35605534551743,0.07607728055490794,0.03651074829684346,0.013188844086021506,ok,0.03857272480023056,0.027560170895357,-0.025848494438349322,0.14380437626404252,0.5768463073852296,0.4251497005988024,0.038188274097898246,0.03651074829684346,0.008119654204679801,0.07110164358021696,0.6407185628742516,0.5149700598802395
e1931de1-cf7b-49af-af33-2ade15e8abe7,9150758e-1390-41d1-b426-96675e60dbea,VISp,0.06,0.09,6,0.075,4,57,ok,186,128,20.35214807402362,0.09683167800304425,0.05726514574497976,0.013188844086021506,ok,0.05673149625489056,0.04531877137835562,-0.020385470546555463,0.17441988208330353,0.5828343313373253,0.41916167664670656,0.05544250555729396,0.05726514574497976,0.04458376052396215,0.06641521126840554,0.6407185628742516,0.5149700598802395
e1931de1-cf7b-49af-af33-2ade15e8abe7,9150758e-1390-41d1-b426-96675e60dbea,VISp,0.07,0.1,7,0.085,4,56,ok,186,128,21.895781601864936,0.09020431150939946,0.050637779251334974,0.013188844086021506,ok,0.043905880864974475,0.032368718459786255,-0.0233693206178451,0.15114499924539448,0.6307385229540918,0.3712574850299401,0.04313139037801787,0.047383419827668236,0.02970326301196452,0.05281225221608535,0.8323353293413174,0.32335329341317365
07dc4b76-5b93-4a03-82a0-b3d9cc73f412,97207d87-3fcd-4ebb-b0c7-087bdbf8a95c,VISp,0.0,0.03,0,0.015,7,139,ok,171,152,13.916796795881323,0.029293295583570148,-0.04526810792520163,0.012426900584795321,nonpositive_corrected_block_energy,,,,,,,-0.051911971910627595,-0.05166532830807259,-0.060071734662141676,-0.044600998580937024,0.9121756487025948,0.09181636726546906
07dc4b76-5b93-4a03-82a0-b3d9cc73f412,97207d87-3fcd-4ebb-b0c7-087bdbf8a95c,VISp,0.01,0.04,1,0.025,7,138,ok,171,152,14.519963945797114,0.14695253141860323,0.07239112790983146,0.012426900584795321,ok,0.05737822963766351,0.04686882678456489,-0.03633015156805199,0.18414904136618768,0.6427145708582834,0.3592814371257485,0.055805437977569886,0.055138163037497176,0.03222429680154268,0.08103109238676136,0.8223552894211577,0.18163672654690619
07dc4b76-5b93-4a03-82a0-b3d9cc73f412,97207d87-3fcd-4ebb-b0c7-087bdbf8a95c,VISp,0.02,0.05,2,0.035,7,140,ok,171,152,15.243112410529015,0.16581839421649613,0.09125699070772435,0.012426900584795321,ok,0.07604784616483372,0.06295038595500979,-0.026234136625277515,0.2155943210809538,0.6407185628742516,0.36127744510978044,0.07331038276218084,0.07368386457409162,0.04384520878919064,0.10452210855043409,0.8063872255489022,0.19760479041916168
07dc4b76-5b93-4a03-82a0-b3d9cc73f412,97207d87-3fcd-4ebb-b0c7-087bdbf8a95c,VISp,0.03,0.06,3,0.045,7,141,ok,171,152,13.60640014212391,0.0752791395845766,0.0007177360758047975,0.012426900584795321,ok,0.009363655846680537,0.0008558518938953322,-0.05255029857713029,0.09330502796142298,0.49500998003992014,0.5069860279441117,0.007399056704963433,0.007594777148001155,0.0010434640718110532,0.013112384196550558,0.04790419161676647,0.9560878243512974
07dc4b76-5b93-4a03-82a0-b3d9cc73f412,97207d87-3fcd-4ebb-b0c7-087bdbf8a95c,VISp,0.04,0.07,4,0.05500000000000001,7,143,ok,171,152,16.07780975297885,0.13744858887485326,0.06288718536608143,0.012426900584795321,ok,0.06008071088759236,0.05021048210096947,-0.03506828265639777,0.18822588119370542,0.5668662674650699,0.4351297405189621,0.05948409871632461,0.05727994745211774,0.021024300996024575,0.09829770847009525,0.5329341317365269,0.47105788423153694
07dc4b76-5b93-4a03-82a0-b3d9cc73f412,97207d87-3fcd-4ebb-b0c7-087bdbf8a95c,VISp,0.05,0.08,5,0.065,7,141,ok,171,152,15.245059804884354,0.09086524151186322,0.01630383800309142,0.012426900584795321,ok,0.002242464824706648,-0.004152759985670357,-0.053548073121676275,0.08581449553295822,0.6766467065868264,0.3253493013972056,-0.0005338358782097181,0.0007613479653141124,-0.028874105187005828,0.0302157946047827,0.8542914171656687,0.1497005988023952
07dc4b76-5b93-4a03-82a0-b3d9cc73f412,97207d87-3fcd-4ebb-b0c7-087bdbf8a95c,VISp,0.06,0.09,6,0.075,7,141,ok,171,152,16.835556910387492,0.05877263366686197,-0.015788769841909835,0.012426900584795321,nonpositive_corrected_block_energy,,,,,,,-0.023846536129953806,-0.02430438794728848,-0.04143591942254933,-0.005274263396749496,0.7544910179640718,0.249500998003992
07dc4b76-5b93-4a03-82a0-b3d9cc73f412,97207d87-3fcd-4ebb-b0c7-087bdbf8a95c,VISp,0.07,0.1,7,0.085,7,142,ok,171,152,21.21981160111737,0.09153395441366588,0.016972550904894076,0.012426900584795321,ok,0.01451772576899056,0.006224359414919264,-0.05061810288749004,0.1039414552677048,0.5868263473053892,0.4151696606786427,0.012700288030076548,0.013566640859742171,-0.00573780921467275,0.030698560774490874,0.6087824351297405,0.39520958083832336
872ce8ff-9fb3-485c-be00-bc5479e0095b,625a7bc9-00cf-44f6-a508-3ed89d23ba3a,VISp,0.0,0.03,0,0.015,4,110,ok,98,105,19.70267108386451,0.05530119998153357,-0.003882473487854096,0.019727891156462583,nonpositive_corrected_block_energy,,,,,,,-0.009543567439597136,-0.007682842317079171,-0.017036581077829765,-0.0017949516104986234,0.8323353293413174,0.32335329341317365
872ce8ff-9fb3-485c-be00-bc5479e0095b,625a7bc9-00cf-44f6-a508-3ed89d23ba3a,VISp,0.01,0.04,1,0.025,4,111,ok,98,105,17.56823849070133,0.03167481704539381,-0.02750885642399386,0.019727891156462583,nonpositive_corrected_block_energy,,,,,,,-0.03138038274397271,-0.02750885642399386,-0.04360786939957802,-0.019410421244393815,0.6407185628742516,0.5149700598802395
872ce8ff-9fb3-485c-be00-bc5479e0095b,625a7bc9-00cf-44f6-a508-3ed89d23ba3a,VISp,0.02,0.05,2,0.035,4,110,ok,98,105,17.399014803045983,0.06113377982801106,0.0019501063586234,0.019727891156462583,ok,0.0006039967940109183,-0.010535216777699086,-0.05248184022122941,0.10115010191080993,0.6167664670658682,0.3852295409181637,0.0017719283074706803,0.0019501063586234,0.00061849739699304,0.002837307459046826,0.6447105788423154,0.5109780439121756
872ce8ff-9fb3-485c-be00-bc5479e0095b,625a7bc9-00cf-44f6-a508-3ed89d23ba3a,VISp,0.03,0.06,3,0.045,4,111,ok,98,105,17.470945317482624,0.07532198685321781,0.016138313383830125,0.019727891156462583,ok,0.009956816294462972,-0.002111571588934145,-0.05142158022142909,0.11887979193161663,0.6187624750499002,0.38323353293413176,0.010771983997641744,0.011998604981025972,0.0054175438011140435,0.016138313383830125,1.0,0.15568862275449102
872ce8ff-9fb3-485c-be00-bc5479e0095b,625a7bc9-00cf-44f6-a508-3ed89d23ba3a,VISp,0.04,0.07,4,0.05500000000000001,4,108,ok,98,105,18.71542468624297,0.0682082321626361,0.009024558693248426,0.019727891156462583,ok,0.0005497438899364911,-0.010264488729070391,-0.05233845477231287,0.10089893798428659,0.6706586826347305,0.3313373253493014,0.0020944411111741053,0.009024558693248426,-0.018917373550274123,0.02256282539507124,0.6407185628742516,0.5149700598802395
872ce8ff-9fb3-485c-be00-bc5479e0095b,625a7bc9-00cf-44f6-a508-3ed89d23ba3a,VISp,0.05,0.08,5,0.065,4,109,ok,98,105,18.633234087982967,0.008623986524181526,-0.050559686945206156,0.019727891156462583,nonpositive_corrected_block_energy,,,,,,,-0.061480402572376996,-0.05918412048025562,-0.07407441479202913,-0.050559686945206156,1.0,0.15568862275449102
872ce8ff-9fb3-485c-be00-bc5479e0095b,625a7bc9-00cf-44f6-a508-3ed89d23ba3a,VISp,0.06,0.09,6,0.075,4,109,ok,98,105,16.80308830227496,0.021335414361765646,-0.037848259107622045,0.019727891156462583,nonpositive_corrected_block_energy,,,,,,,-0.0380579511709679,-0.037848259107622045,-0.041546764598529504,-0.03487173319848308,0.6407185628742516,0.5149700598802395
872ce8ff-9fb3-485c-be00-bc5479e0095b,625a7bc9-00cf-44f6-a508-3ed89d23ba3a,VISp,0.07,0.1,7,0.085,4,110,ok,98,105,16.426814707824125,0.006807728393124905,-0.052375945076262774,0.019727891156462583,nonpositive_corrected_block_energy,,,,,,,-0.05417999448908842,-0.05432763294721324,-0.05579535013511032,-0.052375945076262774,1.0,0.15568862275449102
b22f694e-4a34-4142-ab9d-2556c3487086,8b735d77-b77b-4243-8821-37802bf402fe,VISp,0.0,0.03,0,0.015,69,393,ok,108,85,37.46749792537384,1.5806314510400847,0.15100182141045998,0.0210239651416122,ok,0.08249779978163573,0.08146413082167628,-0.3351149653348116,0.539688130807166,0.6167664670658682,0.3852295409181637,0.06772821661139902,0.06636978943129085,-0.06871813456767342,0.20634885750719856,0.8343313373253493,0.16766467065868262
b22f694e-4a34-4142-ab9d-2556c3487086,8b735d77-b77b-4243-8821-37802bf402fe,VISp,0.01,0.04,1,0.025,69,389,ok,108,85,33.8386964487247,1.3468693996503267,-0.08276022997929845,0.0210239651416122,nonpositive_corrected_block_energy,,,,,,,-0.15395142222832572,-0.1556537973484413,-0.3125214278728303,-0.0010489727519515486,0.780439121756487,0.2215568862275449
b22f694e-4a34-4142-ab9d-2556c3487086,8b735d77-b77b-4243-8821-37802bf402fe,VISp,0.02,0.05,2,0.035,69,383,ok,108,85,36.54603843073734,1.3676501949768904,-0.06197943465273468,0.0210239651416122,nonpositive_corrected_block_energy,,,,,,,-0.019009939733789064,-0.019547845857228796,-0.14957185671953535,0.10689732125895537,0.3093812375249501,0.6926147704590818
b22f694e-4a34-4142-ab9d-2556c3487086,8b735d77-b77b-4243-8821-37802bf402fe,VISp,0.03,0.06,3,0.045,69,381,ok,108,85,42.83670951908507,2.012502751863859,0.5828731222342343,0.0210239651416122,ok,0.8498297019977364,0.8581552540140996,0.24886284774865178,1.4605139601893542,0.21157684630738524,0.7904191616766467,0.8366400557829644,0.8360952502686816,0.6092908166706621,1.0776360955767368,0.03592814371257485,0.9660678642714571
b22f694e-4a34-4142-ab9d-2556c3487086,8b735d77-b77b-4243-8821-37802bf402fe,VISp,0.04,0.07,4,0.05500000000000001,69,378,ok,108,85,53.336962065242886,3.665348902437008,2.235719272807383,0.0210239651416122,ok,3.258063670464584,3.22663284461237,2.2655843166375598,4.242279351345126,0.0499001996007984,0.9520958083832335,3.2604636077649674,3.2699689523021607,2.594899298425004,3.914762309800213,0.00998003992015968,0.9920159680638723
b22f694e-4a34-4142-ab9d-2556c3487086,8b735d77-b77b-4243-8821-37802bf402fe,VISp,0.05,0.08,5,0.065,69,380,ok,108,85,60.26170067583298,4.306098094190079,2.876468464560454,0.0210239651416122,ok,5.129187904395203,5.092558815768778,3.902717048428718,6.388742990506324,0.001996007984031936,1.0,5.182848213402247,5.225085903738336,3.630378561872326,6.633671338355805,0.001996007984031936,1.0
b22f694e-4a34-4142-ab9d-2556c3487086,8b735d77-b77b-4243-8821-37802bf402fe,VISp,0.06,0.09,6,0.075,69,381,ok,108,85,63.20419760989501,4.82592013987816,3.396290510248536,0.0210239651416122,ok,5.4256961253826415,5.3846639940073775,4.153065317895522,6.706059342802314,0.001996007984031936,1.0,5.438748396114131,5.390224878629347,3.996033435392467,6.9832287760054435,0.007984031936127744,0.9940119760479041
b22f694e-4a34-4142-ab9d-2556c3487086,8b735d77-b77b-4243-8821-37802bf402fe,VISp,0.07,0.1,7,0.085,69,383,ok,108,85,64.2064003174146,5.0789537969789045,3.6493241673492816,0.0210239651416122,ok,5.48373233995556,5.443337223763786,4.215921743187527,6.764494001596933,0.007984031936127744,0.9940119760479041,5.494708851490829,5.496322046690128,4.684296505829686,6.26302862280855,0.001996007984031936,1.0
a7763417-e0d6-4f2a-aa55-e382fd9b5fb8,769b42dc-acf3-4079-b09e-ec979568d297,VISp,0.0,0.03,0,0.015,10,264,ok,215,193,33.956550376925655,0.21803888451920983,0.12954629505059917,0.009832509940956743,ok,0.09026504989067552,0.07933056842837266,-0.010206819611099888,0.23186380442321824,0.7485029940119761,0.25349301397205587,0.0920294929780012,0.09773285376450369,-0.018971634055738613,0.24072571872652274,0.7584830339321357,0.2435129740518962
a7763417-e0d6-4f2a-aa55-e382fd9b5fb8,769b42dc-acf3-4079-b09e-ec979568d297,VISp,0.01,0.04,1,0.025,10,265,ok,215,193,36.69142388487656,0.2595510797444512,0.17105849027584058,0.009832509940956743,ok,0.11642966160269759,0.10394978257336099,0.003918729547876161,0.2720381849044039,0.780439121756487,0.2215568862275449,0.120267450917822,0.13055070104158126,-0.02062775250518241,0.2901496815103399,0.7764471057884231,0.22554890219560877
a7763417-e0d6-4f2a-aa55-e382fd9b5fb8,769b42dc-acf3-4079-b09e-ec979568d297,VISp,0.02,0.05,2,0.035,10,265,ok,215,193,36.775513357586995,0.28791754170291417,0.19942495223430348,0.009832509940956743,ok,0.16132039356119873,0.1480500445487619,0.02780417957921786,0.34193573879275346,0.7145708582834331,0.2874251497005988,0.16541262998142395,0.16435759223999136,0.07456820968023647,0.2680662068758653,0.7524950099800399,0.249500998003992
a7763417-e0d6-4f2a-aa55-e382fd9b5fb8,769b42dc-acf3-4079-b09e-ec979568d297,VISp,0.03,0.06,3,0.045,10,266,ok,215,193,35.85204209791855,0.28242536797049733,0.19393277850188664,0.009832509940956743,ok,0.18588207848754104,0.1718716692417972,0.04228388140699194,0.38028742166885865,0.5788423153692615,0.4231536926147705,0.19032618281071814,0.18832045560951619,0.08915821257347484,0.3199850601621718,0.5289421157684631,0.47305389221556887
a7763417-e0d6-4f2a-aa55-e382fd9b5fb8,769b42dc-acf3-4079-b09e-ec979568d297,VISp,0.04,0.07,4,0.05500000000000001,10,266,ok,215,193,35.69677180343647,0.31008142585022275,0.22158883638161206,0.009832509940956743,ok,0.2334033051395683,0.2234764091091523,0.07122293210580247,0.45432795650201074,0.49700598802395207,0.5049900199600799,0.23699383711150274,0.23129559063626237,0.1349249942113753,0.3450092023478268,0.4431137724550898,0.5588822355289421
a7763417-e0d6-4f2a-aa55-e382fd9b5fb8,769b42dc-acf3-4079-b09e-ec979568d297,VISp,0.05,0.08,5,0.065,10,265,ok,215,193,35.32126818502382,0.29543510850131005,0.20694251903269942,0.009832509940956743,ok,0.2377826450411137,0.22540316823011736,0.07349058074041179,0.4583286120160318,0.4491017964071856,0.5528942115768463,0.24541425300488548,0.24327071752621093,0.09524756359459034,0.4371344017293075,0.38323353293413176,0.6187624750499002
a7763417-e0d6-4f2a-aa55-e382fd9b5fb8,769b42dc-acf3-4079-b09e-ec979568d297,VISp,0.06,0.09,6,0.075,10,265,ok,215,193,35.7050687924525,0.32347103863303117,0.23497844916442054,0.009832509940956743,ok,0.2659264934534246,0.25494637721545843,0.0842750603086815,0.5070072116496154,0.4491017964071856,0.5528942115768463,0.27530316677479355,0.2686992543733882,0.10011249070251613,0.5251127444285277,0.3772455089820359,0.624750499001996
a7763417-e0d6-4f2a-aa55-e382fd9b5fb8,769b42dc-acf3-4079-b09e-ec979568d297,VISp,0.07,0.1,7,0.085,10,264,ok,215,193,35.67506968933855,0.23611203339000797,0.1476194439213973,0.009832509940956743,ok,0.10115705136701221,0.09042042386078372,-0.005644408674283562,0.247629114123131,0.7704590818363274,0.2315369261477046,0.10059894581659846,0.09622654444040349,0.01633752403025046,0.19145741630153282,0.7944111776447106,0.20758483033932135
58b1e920-cfc8-467e-b28b-7654a55d0977,1f555fc6-5067-428b-a284-da6fb0b6b3a0,VISp,0.0,0.03,0,0.015,14,136,ok,152,159,21.29928939853868,0.10953751834833089,-0.057749803730450716,0.012868255544521682,nonpositive_corrected_block_energy,,,,,,,-0.048538504747710445,-0.048291533483393864,-0.05790012791516905,-0.039537339014470596,0.05588822355289421,0.9461077844311377
58b1e920-cfc8-467e-b28b-7654a55d0977,1f555fc6-5067-428b-a284-da6fb0b6b3a0,VISp,0.01,0.04,1,0.025,14,136,ok,152,159,21.43932874031636,0.09502734271753031,-0.07225997936125132,0.012868255544521682,nonpositive_corrected_block_energy,,,,,,,-0.07913654243901726,-0.07732157662078626,-0.10470783800162789,-0.06444593118368104,0.7045908183632734,0.29740518962075846
58b1e920-cfc8-467e-b28b-7654a55d0977,1f555fc6-5067-428b-a284-da6fb0b6b3a0,VISp,0.02,0.05,2,0.035,14,134,ok,152,159,22.993440108196648,0.14162843190805827,-0.02565889017072337,0.012868255544521682,nonpositive_corrected_block_energy,,,,,,,-0.030175384039026646,-0.02916366247618203,-0.05066398725934355,-0.01329093145495055,0.5968063872255489,0.405189620758483
58b1e920-cfc8-467e-b28b-7654a55d0977,1f555fc6-5067-428b-a284-da6fb0b6b3a0,VISp,0.03,0.06,3,0.045,14,132,ok,152,159,23.48217740591712,0.33750586535037824,0.17021854327159658,0.012868255544521682,ok,0.16471219597592823,0.1510855750610548,-0.009254774721933917,0.3717116343406053,0.5728542914171657,0.4291417165668663,0.1623544177472129,0.16406871745586465,0.128967202658921,0.1899936875255498,0.626746506986028,0.37524950099800397
58b1e920-cfc8-467e-b28b-7654a55d0977,1f555fc6-5067-428b-a284-da6fb0b6b3a0,VISp,0.04,0.07,4,0.05500000000000001,14,139,ok,152,159,28.482184048799972,0.4859099381002626,0.318622616021481,0.012868255544521682,ok,0.3457802100633363,0.3305426446728047,0.11046345643445804,0.6275053043710582,0.469061876247505,0.5329341317365269,0.3432579837971384,0.34729550395721037,0.2596136192127263,0.4030722615691053,0.24151696606786427,0.7604790419161677
58b1e920-cfc8-467e-b28b-7654a55d0977,1f555fc6-5067-428b-a284-da6fb0b6b3a0,VISp,0.05,0.08,5,0.065,14,139,ok,152,159,33.718381745368205,0.7205992527143452,0.5533119306355634,0.012868255544521682,ok,0.7095485055329928,0.6975424427759038,0.3657195871602078,1.1126749405836802,0.22954091816367264,0.7724550898203593,0.7061477329283149,0.7240518701975778,0.2767969325612721,0.9357748996534024,0.14171656686626746,0.8602794411177644
58b1e920-cfc8-467e-b28b-7654a55d0977,1f555fc6-5067-428b-a284-da6fb0b6b3a0,VISp,0.06,0.09,6,0.075,14,139,ok,152,159,41.05923827716021,1.232823031033503,1.0655357089547213,0.012868255544521682,ok,1.2816001195308468,1.2763544255265593,0.7826661017195078,1.8144414134196947,0.23952095808383234,0.7624750499001997,1.2898474960571915,1.387138883817106,0.5538534646050132,1.609805316214149,0.2155688622754491,0.7864271457085829
58b1e920-cfc8-467e-b28b-7654a55d0977,1f555fc6-5067-428b-a284-da6fb0b6b3a0,VISp,0.07,0.1,7,0.085,14,140,ok,152,159,45.60974840305345,1.3017563531498202,1.1344690310710384,0.012868255544521682,ok,1.485155439565502,1.4789102474103666,0.9532839709946526,2.057438407032974,0.13373253493013973,0.8682634730538922,1.4808091999016297,1.5125996987834212,0.8428859468700589,1.8516504915824121,0.11177644710578842,0.8902195608782435
